Elapsedmins, Nodes
5,1
2,128
4,256
4,1
14,1
59,1
59,1
59,1
58,1
58,1
58,1
58,1
58,1
58,1
58,1
58,1
58,1
58,1
57,1
57,1
57,1
57,1
56,1
55,1
55,1
55,1
55,1
55,1
55,1
55,1
52,1
51,1
52,1
52,1
52,1
52,1
52,1
52,1
52,1
51,1
52,1
52,1
52,1
51,1
29,1
30,1
29,1
29,1
30,1
29,1
30,1
29,1
29,1
30,1
31,1
29,1
30,1
29,1
30,1
31,1
29,1
29,1
30,1
30,1
29,1
29,1
30,1
30,1
29,1
31,1
29,1
29,1
30,1
29,1
30,1
30,1
29,1
29,1
30,1
30,1
30,1
30,1
30,1
30,1
31,1
30,1
30,1
29,1
29,1
29,1
25,64
7,16
7,16
1,16
4,80
4,40
4,40
8,100
1,1
1,1
3,1
1,1
1,1
1,1
3,1
3,1
1,1
3,1
1,1
3,1
3,1
2,1
1,1
1,1
1,1
1,1
3,1
2,1
3,1
3,1
3,1
3,1
2,1
1,1
1,1
2,1
3,1
3,1
3,1
3,1
1,1
2,1
3,1
3,1
2,1
3,1
3,1
3,1
2,1
3,1
2,1
3,1
3,1
2,1
3,1
3,1
3,1
2,1
1,1
3,1
1,1
3,1
2,1
3,1
2,1
3,1
3,1
3,1
3,1
2,1
3,1
3,1
4,1
2,1
3,1
2,1
3,1
3,1
3,1
3,1
2,1
3,1
3,1
3,1
2,1
3,1
2,1
4,1
3,1
3,1
4,1
2,1
3,1
3,1
3,1
2,1
3,1
2,1
3,1
3,1
3,1
4,1
2,1
3,1
3,1
3,1
1,1
1,1
1,1
1,1
1,1
1,1
1,1
1,1
1,1
1,1
1,1
1,1
1,1
1,1
1,1
1,1
1,1
1,1
1,1
1,1
1,1
1,1
1,1
1,1
1,1
1,1
1,1
1,1
1,1
1,1
1,1
1,1
1,1
1,1
1,1
1,1
1,1
1,1
1,1
1,1
1,1
1,1
1,1
1,1
1,1
1,1
1,1
1,1
1,1
1,1
1,1
1,1
1,1
1,1
1,1
1,1
1,1
1,1
1,1
1,1
1,1
1,1
1,1
1,1
1,1
1,1
1,1
1,1
1,1
1,1
1,1
1,1
1,1
1,1
1,1
1,1
1,1
1,1
1,1
1,1
1,1
1,1
1,1
1,1
1,1
1,1
1,1
1,1
1,1
1,1
1,1
1,1
1,1
1,1
1,1
1,1
1,1
1,1
1,1
1,1
1,1
1,1
1,1
1,1
1,1
1,1
1,1
1,1
1,1
1,1
1,1
1,1
1,1
1,1
1,1
1,1
1,1
1,1
1,1
1,1
1,1
1,1
1,1
1,1
1,1
1,1
1,1
1,1
1,1
1,1
1,1
1,1
1,1
1,1
1,1
1,1
1,1
1,1
1,1
1,1
1,1
1,1
1,1
1,1
1,1
1,1
1,1
1,1
1,1
1,1
1,1
1,1
1,1
1,1
1,1
1,1
1,1
1,1
1,1
1,1
1,1
1,1
1,1
1,1
1,1
1,1
1,1
1,1
1,1
1,1
1,1
1,1
1,1
1,1
1,1
1,1
1,1
1,1
1,1
2,1
3,1
2,1
2,1
2,1
3,1
3,1
2,1
3,1
3,1
2,1
3,1
3,1
3,1
2,1
3,1
3,1
3,1
2,1
2,1
3,1
3,1
2,1
2,1
3,1
3,1
2,1
2,1
2,1
2,1
3,1
3,1
3,1
2,1
2,1
2,1
3,1
3,1
3,1
2,1
2,1
2,1
3,1
3,1
3,1
2,1
2,1
2,1
3,1
3,1
3,1
2,1
2,1
2,1
3,1
3,1
3,1
2,1
2,1
2,1
3,1
3,1
3,1
2,1
2,1
3,1
2,1
3,1
3,1
3,1
2,1
2,1
3,1
2,1
3,1
3,1
3,1
2,1
2,1
3,1
2,1
2,1
3,1
3,1
3,1
2,1
2,1
3,1
2,1
3,1
3,1
3,1
3,1
2,1
2,1
3,1
2,1
3,1
3,1
3,1
3,1
2,1
2,1
3,1
2,1
3,1
3,1
3,1
3,1
2,1
2,1
3,1
2,1
3,1
3,1
3,1
3,1
2,1
2,1
3,1
2,1
3,1
3,1
3,1
3,1
2,1
2,1
3,1
2,1
3,1
3,1
3,1
3,1
2,1
3,1
2,1
3,1
2,1
3,1
3,1
3,1
3,1
2,1
2,1
3,1
2,1
3,1
2,1
3,1
3,1
3,1
3,1
2,1
3,1
2,1
2,1
3,1
2,1
3,1
3,1
2,1
3,1
2,1
3,1
3,1
2,1
3,1
2,1
3,1
3,1
3,1
3,1
2,1
3,1
3,1
2,1
3,1
2,1
3,1
3,1
3,1
3,1
2,1
3,1
3,1
3,1
2,1
3,1
2,1
3,1
3,1
3,1
3,1
2,1
3,1
3,1
3,1
2,1
3,1
2,1
3,1
3,1
3,1
3,1
2,1
3,1
3,1
3,1
2,1
3,1
2,1
3,1
3,1
3,1
3,1
2,1
2,1
3,1
3,1
2,1
3,1
2,1
3,1
3,1
3,1
3,1
2,1
3,1
3,1
3,1
2,1
3,1
2,1
3,1
3,1
3,1
3,1
2,1
3,1
3,1
3,1
2,1
3,1
2,1
3,1
3,1
3,1
3,1
2,1
3,1
3,1
3,1
2,1
3,1
2,1
3,1
3,1
3,1
3,1
2,1
3,1
3,1
3,1
2,1
3,1
2,1
3,1
3,1
3,1
3,1
2,1
3,1
3,1
3,1
2,1
3,1
2,1
3,1
3,1
3,1
3,1
2,1
3,1
3,1
3,1
2,1
3,1
2,1
3,1
3,1
3,1
3,1
2,1
3,1
2,1
2,1
2,1
2,1
2,1
1,1
2,1
2,1
2,1
1,1
1,1
1,1
2,1
2,1
2,1
2,1
2,1
4,1
2,1
2,1
2,1
4,1
2,1
1,1
2,1
1,1
4,1
1,1
2,1
2,1
2,1
2,1
2,1
2,1
2,1
2,1
2,1
2,1
2,1
2,1
2,1
2,1
1,1
2,1
2,1
2,1
2,1
2,1
2,1
2,1
2,1
2,1
2,1
2,1
2,1
2,1
2,1
2,1
2,1
2,1
2,1
2,1
2,1
2,1
2,1
2,1
2,1
1,1
4,1
2,1
2,1
2,1
2,1
2,1
2,1
2,1
2,1
2,1
2,1
2,1
2,1
2,1
2,1
2,1
2,1
2,1
2,1
2,1
2,1
2,1
2,1
1,1
2,1
2,1
2,1
2,1
2,1
2,1
2,1
2,1
2,1
2,1
2,1
2,1
2,1
2,1
2,1
2,1
2,1
2,1
2,1
2,1
2,1
2,1
2,1
2,1
2,1
1,1
1,1
1,1
1,1
2,1
1,1
3,1
3,1
3,1
3,1
1,1
2,1
3,1
2,1
2,1
2,1
4,1
2,1
2,1
2,1
2,1
2,1
2,1
2,1
2,1
2,1
4,1
2,1
2,1
2,1
2,1
2,1
2,1
2,1
2,1
2,1
2,1
4,1
2,1
4,1
2,1
2,1
2,1
2,1
2,1
2,1
2,1
2,1
2,1
4,1
4,1
2,1
2,1
2,1
4,1
2,1
4,1
2,1
2,1
4,1
2,1
2,1
2,1
2,1
2,1
4,1
2,1
2,1
2,1
2,1
2,1
2,1
2,1
2,1
2,1
2,1
4,1
2,1
2,1
2,1
2,1
2,1
2,1
2,1
2,1
4,1
2,1
2,1
2,1
2,1
2,1
2,1
2,3
7,1
7,1
7,1
7,1
7,1
7,1
7,1
7,1
7,1
7,1
7,1
7,1
7,1
7,1
7,1
7,1
7,1
7,1
7,1
7,1
7,1
7,1
7,1
7,1
7,1
7,1
7,1
7,1
7,1
7,1
7,1
7,1
7,1
7,1
7,1
7,1
7,1
7,1
7,1
7,1
7,1
7,1
7,1
7,1
7,1
7,1
7,1
7,1
7,1
7,1
7,1
7,1
7,1
7,1
7,1
9,1
7,1
9,1
7,1
7,1
7,1
7,1
7,1
7,1
7,1
7,1
7,1
7,1
7,1
7,1
7,1
7,1
7,1
7,1
7,1
7,1
7,1
7,1
7,1
7,1
7,1
7,1
7,1
7,1
7,1
7,1
7,1
7,1
7,1
7,1
7,1
7,1
7,1
7,1
7,1
7,1
7,1
7,1
7,1
7,1
7,1
7,1
7,1
7,1
7,1
7,1
7,1
7,1
7,1
7,1
7,1
7,1
7,1
7,1
7,1
7,1
7,1
7,1
7,1
7,1
7,1
7,1
7,1
7,1
7,1
7,1
7,1
7,1
7,1
7,1
7,1
7,1
7,1
7,1
7,1
7,1
7,1
7,1
7,1
7,1
7,1
7,1
7,1
7,1
7,1
7,1
7,1
12,1
7,1
7,1
7,1
7,1
7,1
7,1
7,1
7,1
7,1
7,1
7,1
7,1
7,1
7,1
7,1
7,1
7,1
7,1
7,1
7,1
7,1
7,1
7,1
7,1
7,1
7,1
8,1
7,1
7,1
7,1
7,1
7,1
7,1
7,1
7,1
7,1
7,1
7,1
7,1
7,1
7,1
7,1
7,1
7,1
7,1
7,1
7,1
7,1
7,1
7,1
7,1
7,1
7,1
7,1
7,1
7,1
7,1
7,1
7,1
7,1
7,1
7,1
7,1
7,1
7,1
7,1
7,1
7,1
7,1
7,1
7,1
7,1
7,1
7,1
7,1
7,1
7,1
7,1
12,1
7,1
7,1
7,1
7,1
7,1
7,1
7,1
7,1
7,1
7,1
7,1
7,1
7,1
7,1
7,1
7,1
7,1
7,1
7,1
7,1
7,1
7,1
7,1
7,1
7,1
7,1
7,1
7,1
7,1
7,1
7,1
7,1
7,1
7,1
7,1
7,1
7,1
86,1
91,1
86,1
103,1
91,1
91,1
91,1
91,1
91,1
91,1
91,1
91,1
91,1
91,1
91,1
91,1
91,1
91,1
91,1
91,1
91,1
91,1
91,1
91,1
91,1
91,1
91,1
91,1
91,1
91,1
91,1
91,1
91,1
91,1
91,1
91,1
86,1
91,1
91,1
95,1
91,1
91,1
91,1
91,1
91,1
91,1
91,1
91,1
91,1
91,1
91,1
91,1
91,1
91,1
86,1
91,1
94,1
94,1
94,1
94,1
94,1
94,1
91,1
94,1
94,1
94,1
94,1
104,1
94,1
94,1
94,1
94,1
94,1
94,1
94,1
94,1
91,1
94,1
94,1
94,1
91,1
94,1
94,1
94,1
94,1
94,1
94,1
94,1
94,1
94,1
94,1
94,1
94,1
94,1
91,1
94,1
94,1
94,1
94,1
94,1
94,1
94,1
94,1
94,1
88,1
92,1
92,1
88,1
88,1
88,1
92,1
88,1
88,1
88,1
88,1
92,1
92,1
92,1
92,1
101,1
92,1
92,1
88,1
92,1
92,1
92,1
92,1
92,1
92,1
92,1
92,1
92,1
92,1
92,1
92,1
88,1
88,1
88,1
92,1
88,1
88,1
92,1
92,1
92,1
88,1
88,1
92,1
92,1
92,1
92,1
88,1
88,1
88,1
88,1
83,1
92,1
88,1
92,1
88,1
92,1
92,1
92,1
4,8
4,8
3,8
20,128
43,1
43,1
43,1
43,1
43,1
43,1
43,1
43,1
43,1
44,1
43,1
43,1
43,1
45,1
43,1
43,1
43,1
77,1
44,1
43,1
43,1
43,1
78,1
43,1
43,1
43,1
43,1
45,1
45,1
43,1
43,1
43,1
43,1
43,1
43,1
43,1
44,1
43,1
43,1
44,1
43,1
43,1
43,1
43,1
44,1
45,1
43,1
43,1
42,1
45,1
45,1
43,1
43,1
43,1
43,1
43,1
43,1
43,1
43,1
43,1
43,1
43,1
43,1
43,1
43,1
45,1
43,1
43,1
45,1
43,1
43,1
43,1
43,1
43,1
43,1
43,1
43,1
43,1
43,1
43,1
43,1
43,1
43,1
43,1
43,1
45,1
43,1
43,1
43,1
42,1
45,1
43,1
43,1
43,1
43,1
43,1
45,1
43,1
77,1
43,1
43,1
43,1
45,1
43,1
43,1
43,1
43,1
43,1
43,1
43,1
43,1
43,1
43,1
49,1
43,1
43,1
43,1
43,1
45,1
43,1
43,1
43,1
43,1
43,1
43,1
43,1
43,1
43,1
43,1
43,1
43,1
42,1
43,1
43,1
43,1
43,1
43,1
43,1
45,1
45,1
43,1
43,1
43,1
43,1
43,1
43,1
43,1
43,1
43,1
43,1
43,1
43,1
45,1
43,1
43,1
43,1
43,1
77,1
43,1
43,1
43,1
43,1
43,1
43,1
45,1
43,1
43,1
45,1
43,1
43,1
43,1
43,1
43,1
43,1
43,1
45,1
43,1
43,1
43,1
43,1
43,1
43,1
43,1
43,1
43,1
43,1
43,1
45,1
43,1
77,1
78,1
77,1
78,1
77,1
78,1
57,1
43,1
46,1
45,1
46,1
45,1
47,1
45,1
46,1
45,1
42,1
46,1
60,1
45,1
46,1
46,1
43,1
43,1
43,1
45,1
45,1
57,1
6,626
5,626
5,1
5,1
10,21
8,32
17,1140
3,1139
6,128
2,1
2,1
2,1
2,1
2,1
2,1
3,1
2,1
2,1
2,1
2,1
2,1
3,1
2,1
2,1
2,1
2,1
2,1
2,1
3,1
2,1
2,1
2,1
3,1
2,1
2,1
2,1
3,1
2,1
3,1
3,1
2,1
2,1
2,1
3,1
2,1
2,1
2,1
2,1
2,1
2,1
2,1
2,1
2,1
2,1
2,1
2,1
2,1
2,1
2,1
2,1
2,1
2,1
2,1
2,1
2,1
2,1
2,1
2,1
2,1
2,1
2,1
2,1
4,1
2,1
2,1
2,1
2,1
2,1
2,1
2,1
2,1
2,1
2,1
2,1
2,1
2,1
2,1
1,1
2,1
2,1
2,1
2,1
2,1
2,1
2,1
2,1
2,1
2,1
2,1
2,1
2,1
3,1
2,1
2,1
2,1
2,1
2,1
2,1
2,1
3,1
3,1
2,1
2,1
2,1
3,1
2,1
2,1
2,1
2,1
2,1
2,1
2,1
2,1
2,1
2,1
2,1
2,1
3,1
2,1
2,1
2,1
2,1
2,1
2,1
2,1
2,1
2,1
2,1
2,1
2,1
3,1
3,1
2,1
2,1
2,1
2,1
3,1
2,1
2,1
2,1
2,1
2,1
2,1
2,1
2,1
2,1
2,1
2,1
2,1
2,1
3,1
2,1
2,1
2,1
2,1
3,1
2,1
4,1
2,1
2,1
2,1
2,1
2,1
3,1
2,1
2,1
2,1
2,1
2,1
2,1
2,1
2,1
2,1
2,1
2,1
2,1
2,1
2,1
2,1
2,1
2,1
2,1
2,1
2,1
2,1
2,1
2,1
2,1
2,1
3,1
2,1
2,1
3,1
2,1
3,1
2,1
3,1
2,1
2,1
2,1
2,1
2,1
3,1
2,1
3,1
2,1
3,1
2,1
2,1
2,1
2,1
2,1
2,1
2,1
2,1
2,1
3,1
2,1
2,1
2,1
2,1
2,1
2,1
2,1
2,1
2,1
3,1
2,1
2,1
2,1
2,1
2,1
2,1
2,1
2,1
2,1
2,1
2,1
2,1
4,1
2,1
2,1
3,1
2,1
2,1
2,1
4,1
2,1
2,1
2,1
4,1
2,1
2,1
2,1
2,1
2,1
2,1
3,1
2,1
2,1
2,1
3,1
2,1
2,1
2,1
2,1
2,1
2,1
2,1
2,1
2,1
2,1
2,1
2,1
2,1
3,1
2,1
2,1
2,1
2,1
2,1
2,1
2,1
2,1
2,1
2,1
2,1
2,1
2,1
2,1
4,1
4,1
2,1
2,1
2,1
4,1
4,1
2,1
4,1
2,1
2,1
2,1
2,1
2,1
3,1
2,1
2,1
2,1
4,1
3,1
2,1
2,1
2,1
4,1
4,1
2,1
4,1
4,1
2,1
2,1
2,1
2,1
2,1
2,1
1,1
1,1
2,1
2,1
2,1
4,1
2,1
4,1
4,1
3,1
2,1
1,1
2,1
3,1
2,1
2,1
2,1
2,1
4,1
2,1
4,1
4,1
2,1
2,1
4,1
1,1
2,1
4,1
2,1
2,1
3,1
2,1
2,1
2,1
2,1
2,1
2,1
2,1
4,1
4,1
2,1
2,1
2,1
2,1
2,1
2,1
2,1
2,1
2,1
2,1
2,1
2,1
2,1
2,1
2,1
2,1
3,1
2,1
2,1
2,1
2,1
2,1
2,1
2,1
2,1
3,1
2,1
2,1
3,1
2,1
2,1
3,1
2,1
2,1
2,1
2,1
2,1
2,1
2,1
2,1
2,1
3,1
2,1
2,1
2,1
2,1
2,1
4,1
2,1
2,1
2,1
2,1
2,1
2,1
2,1
2,1
2,1
2,1
2,1
2,1
2,1
2,1
2,1
2,1
2,1
2,1
2,1
2,1
3,1
2,1
2,1
4,1
2,1
2,1
3,1
2,1
2,1
2,1
2,1
2,1
2,1
2,1
2,1
2,1
3,1
2,1
2,1
2,1
2,1
2,1
2,1
2,1
2,1
2,1
4,1
2,1
2,1
2,1
2,1
2,1
2,1
2,1
2,1
2,1
2,1
2,1
4,1
2,1
2,1
2,1
2,1
2,1
2,1
2,1
2,1
2,1
2,1
2,1
2,1
3,1
2,1
2,1
2,1
2,1
2,1
2,1
2,1
2,1
2,1
3,1
2,1
2,1
2,1
3,1
3,1
2,1
2,1
2,1
4,1
2,1
2,1
2,1
2,1
2,1
2,1
2,1
2,1
2,1
2,1
4,1
3,1
2,1
3,1
2,1
2,1
2,1
2,1
2,1
3,1
2,1
4,1
2,1
2,1
3,1
2,1
4,1
4,1
2,1
2,1
4,1
2,1
2,1
2,1
2,1
2,1
2,1
3,1
3,1
2,1
2,1
4,1
1,1
2,1
2,1
2,1
2,1
2,1
2,1
2,1
2,1
2,1
2,1
2,1
4,1
2,1
4,1
3,1
2,1
2,1
2,1
2,1
2,1
2,1
2,1
3,1
4,1
2,1
2,1
2,1
2,1
3,1
2,1
3,1
2,1
2,1
2,1
2,1
2,1
2,1
2,1
2,1
2,1
2,1
3,1
2,1
2,1
3,1
2,1
2,1
2,1
2,1
2,1
2,1
3,1
2,1
2,1
2,1
2,1
2,1
2,1
2,1
2,1
2,1
4,1
3,1
2,1
2,1
2,1
2,1
3,1
2,1
2,1
2,1
2,1
2,1
2,1
2,1
2,1
4,1
3,1
2,1
2,1
2,1
3,1
2,1
2,1
2,1
2,1
3,1
2,1
2,1
2,1
4,1
2,1
2,1
2,1
2,1
3,1
2,1
2,1
2,1
2,1
3,1
2,1
2,1
2,1
2,1
2,1
3,1
2,1
2,1
2,1
2,1
2,1
2,1
2,1
2,1
4,1
2,1
2,1
2,1
3,1
2,1
2,1
2,1
2,1
2,1
2,1
2,1
2,1
3,1
2,1
2,1
2,1
2,1
2,1
2,1
2,1
2,1
2,1
2,1
2,1
2,1
2,1
2,1
2,1
2,1
2,1
2,1
2,1
2,1
2,1
2,1
3,1
3,1
2,1
2,1
2,1
2,1
2,1
2,1
2,1
2,1
2,1
2,1
2,1
2,1
2,1
2,1
3,1
2,1
3,1
2,1
3,1
2,1
2,1
2,1
2,1
2,1
3,1
2,1
2,1
2,1
2,1
2,1
2,1
2,1
2,1
2,1
2,1
2,1
3,1
2,1
2,1
2,1
2,1
3,1
2,1
3,1
2,1
2,1
2,1
2,1
2,1
2,1
2,1
2,1
2,1
2,1
2,1
2,1
2,1
2,1
3,1
3,1
4,1
4,1
2,1
2,1
2,1
2,1
2,1
2,1
3,1
3,1
2,1
2,1
2,1
2,1
2,1
2,1
2,1
2,1
2,1
2,1
2,1
2,1
2,1
3,1
2,1
2,1
2,1
2,1
2,1
2,1
2,1
2,1
2,1
3,1
2,1
2,1
2,1
2,1
2,1
2,1
3,1
2,1
2,1
3,1
2,1
2,1
2,1
2,1
2,1
2,1
2,1
4,1
2,1
2,1
2,1
3,1
2,1
2,1
2,1
2,1
2,1
2,1
2,1
2,1
2,1
3,1
2,1
2,1
2,1
2,1
2,1
2,1
2,1
2,1
2,1
2,1
2,1
2,1
2,1
2,1
2,1
2,1
2,1
2,1
2,1
2,1
2,1
2,1
2,1
2,1
2,1
2,1
2,1
2,1
2,1
2,1
2,1
2,1
2,1
2,1
2,1
4,1
2,1
2,1
2,1
2,1
4,1
2,1
2,1
2,1
2,1
2,1
2,1
2,1
2,1
2,1
2,1
2,1
2,1
2,1
5,1
2,1
2,1
2,1
2,1
2,1
2,1
2,1
2,1
2,1
2,1
4,1
4,1
2,1
2,1
2,1
2,1
2,1
2,1
2,1
2,1
4,1
2,1
3,1
2,1
4,1
2,1
2,1
3,1
2,1
3,1
2,1
2,1
2,1
4,1
2,1
3,1
2,1
3,1
2,1
2,1
2,1
2,1
2,1
2,1
2,1
2,1
2,1
2,1
2,1
2,1
3,1
2,1
2,1
2,1
2,1
3,1
2,1
2,1
2,1
2,1
2,1
2,1
3,1
2,1
2,1
2,1
4,1
2,1
2,1
2,1
2,1
2,1
2,1
3,1
2,1
2,1
3,1
3,1
3,1
2,1
2,1
2,1
2,1
2,1
2,1
2,1
3,1
2,1
2,1
2,1
2,1
2,1
2,1
3,1
2,1
2,1
2,1
2,1
2,1
2,1
2,1
2,1
2,1
2,1
2,1
2,1
2,1
2,1
2,1
2,1
2,1
2,1
2,1
2,1
2,1
2,1
2,1
2,1
2,1
2,1
2,1
2,1
2,1
2,1
2,1
2,1
2,1
2,1
2,1
3,1
2,1
2,1
2,1
2,1
1,1
2,1
2,1
2,1
2,1
2,1
2,1
1,1
2,1
1,1
2,1
1,1
2,1
2,1
2,1
2,1
2,1
2,1
2,1
2,1
1,1
2,1
2,1
1,1
2,1
3,1
2,1
1,1
2,1
2,1
3,1
2,1
2,1
2,1
1,1
3,1
2,1
2,1
2,1
1,1
2,1
3,1
2,1
2,1
2,1
2,1
2,1
2,1
2,1
2,1
2,1
1,1
3,1
1,1
1,1
3,1
1,1
2,1
2,1
1,1
3,1
2,1
3,1
2,1
2,1
2,1
1,1
2,1
2,1
2,1
2,1
3,1
1,1
1,1
3,1
2,1
2,1
4,1
2,1
2,1
2,1
2,1
2,1
2,1
2,1
2,1
1,1
2,1
2,1
2,1
1,1
2,1
2,1
1,1
1,1
2,1
2,1
1,1
3,1
2,1
1,1
2,1
2,1
1,1
3,1
4,1
1,1
2,1
2,1
4,1
1,1
3,1
1,1
2,1
1,1
4,1
1,1
2,1
4,1
1,1
1,1
2,1
2,1
4,1
1,1
3,1
1,1
1,1
1,1
4,1
4,1
4,1
4,1
2,1
3,1
2,1
1,1
1,1
2,1
1,1
4,1
4,1
4,1
1,1
1,1
2,1
1,1
4,1
1,1
1,1
4,1
2,1
3,1
1,1
3,1
1,1
1,1
4,1
1,1
1,1
1,1
4,1
2,1
1,1
2,1
1,1
2,1
1,1
1,1
3,1
4,1
1,1
1,1
1,1
2,1
1,1
1,1
1,1
2,1
1,1
1,1
3,1
3,1
2,1
1,1
1,1
1,1
3,1
1,1
1,1
4,1
2,1
2,1
1,1
1,1
3,1
2,1
3,1
1,1
2,1
2,1
2,1
1,1
1,1
1,1
2,1
3,1
2,1
1,1
3,1
1,1
2,1
2,1
2,1
2,1
2,1
1,1
2,1
1,1
1,1
1,1
1,1
1,1
1,1
2,1
3,1
1,1
2,1
2,1
2,1
1,1
2,1
1,1
1,1
1,1
3,1
4,1
1,1
1,1
2,1
1,1
2,1
1,1
1,1
3,1
1,1
3,1
1,1
1,1
2,1
4,1
1,1
2,1
2,1
2,1
4,1
2,1
3,1
2,1
1,1
2,1
2,1
4,1
2,1
3,1
2,1
1,1
1,1
3,1
3,1
4,1
1,1
4,1
2,1
2,1
2,1
3,1
2,1
1,1
1,1
1,1
1,1
1,1
1,1
2,1
2,1
2,1
1,1
2,1
3,1
2,1
4,1
1,1
2,1
2,1
2,1
1,1
4,1
2,1
1,1
2,1
4,1
1,1
2,1
3,1
1,1
2,1
1,1
1,1
2,1
1,1
3,1
3,1
2,1
3,1
2,1
1,1
2,1
1,1
4,1
2,1
2,1
2,1
3,1
2,1
4,1
2,1
4,1
2,1
1,1
1,1
2,1
2,1
4,1
4,1
2,1
1,1
4,1
2,1
3,1
1,1
2,1
2,1
1,1
1,1
2,1
2,1
3,1
4,1
1,1
1,1
4,1
2,1
2,1
1,1
4,1
2,1
2,1
2,1
1,1
4,1
2,1
2,1
3,1
2,1
2,1
3,1
3,1
2,1
1,1
1,1
2,1
4,1
2,1
4,1
1,1
1,1
2,1
1,1
3,1
2,1
2,1
2,1
1,1
1,1
1,1
2,1
1,1
3,1
4,1
3,1
2,1
1,1
1,1
2,1
1,1
1,1
3,1
1,1
1,1
2,1
1,1
1,1
2,1
2,1
2,1
2,1
3,1
2,1
2,1
2,1
2,1
2,1
2,1
2,1
2,1
2,1
3,1
2,1
2,1
2,1
3,1
2,1
2,1
2,1
2,1
2,1
2,1
3,1
2,1
2,1
2,1
2,1
2,1
2,1
2,1
2,1
2,1
2,1
3,1
2,1
2,1
2,1
4,1
3,1
3,1
2,1
3,1
2,1
2,1
2,1
2,1
2,1
2,1
2,1
2,1
2,1
2,1
3,1
2,1
2,1
2,1
2,1
2,1
2,1
2,1
2,1
2,1
2,1
2,1
2,1
2,1
2,1
2,1
2,1
2,1
2,1
2,1
2,1
2,1
2,1
2,1
2,1
2,1
2,1
2,1
3,1
2,1
2,1
2,1
2,1
2,1
2,1
2,1
3,1
3,1
2,1
2,1
2,1
3,1
2,1
2,1
2,1
2,1
2,1
2,1
2,1
2,1
2,1
2,1
2,1
3,1
2,1
3,1
2,1
2,1
2,1
2,1
2,1
2,1
2,1
2,1
3,1
2,1
2,1
2,1
2,1
2,1
3,1
2,1
2,1
2,1
2,1
2,1
2,1
2,1
4,1
2,1
4,1
2,1
2,1
4,1
2,1
2,1
2,1
2,1
2,1
3,1
2,1
2,1
2,1
3,1
2,1
2,1
2,1
2,1
2,1
2,1
2,1
2,1
2,1
2,1
2,1
2,1
2,1
2,1
4,1
2,1
3,1
2,1
2,1
2,1
2,1
2,1
2,1
2,1
3,1
2,1
2,1
2,1
2,1
2,1
3,1
2,1
2,1
2,1
2,1
2,1
2,1
2,1
2,1
2,1
2,1
2,1
2,1
2,1
2,1
2,1
2,1
2,1
2,1
3,1
2,1
2,1
2,1
2,1
2,1
3,1
2,1
2,1
2,1
2,1
2,1
2,1
2,1
3,1
2,1
2,1
2,1
2,1
2,1
2,1
2,1
2,1
2,1
3,1
2,1
2,1
2,1
2,1
2,1
2,1
3,1
2,1
4,1
2,1
4,1
3,1
2,1
2,1
2,1
2,1
3,1
2,1
2,1
2,1
2,1
2,1
3,1
4,1
2,1
2,1
2,1
2,1
2,1
2,1
2,1
4,1
2,1
2,1
2,1
2,1
2,1
3,1
2,1
2,1
2,1
2,1
2,1
2,1
3,1
2,1
3,1
2,1
2,1
2,1
3,1
2,1
2,1
3,1
2,1
2,1
2,1
2,1
2,1
2,1
2,1
2,1
2,1
2,1
3,1
4,1
2,1
2,1
2,1
4,1
2,1
2,1
2,1
2,1
2,1
2,1
2,1
2,1
2,1
3,1
2,1
2,1
2,1
2,1
2,1
2,1
2,1
2,1
2,1
3,1
2,1
2,1
2,1
4,1
2,1
2,1
2,1
2,1
2,1
2,1
3,1
2,1
3,1
2,1
2,1
2,1
4,1
4,1
4,1
2,1
2,1
2,1
2,1
3,1
2,1
2,1
3,1
2,1
2,1
2,1
2,1
2,1
2,1
2,1
2,1
3,1
2,1
2,1
4,1
2,1
2,1
2,1
3,1
3,1
4,1
2,1
2,1
2,1
2,1
2,1
2,1
2,1
3,1
2,1
2,1
2,1
2,1
3,1
2,1
2,1
2,1
3,1
3,1
2,1
2,1
2,1
2,1
2,1
2,1
2,1
2,1
2,1
2,1
2,1
2,1
2,1
2,1
2,1
3,1
2,1
3,1
2,1
2,1
2,1
2,1
3,1
2,1
2,1
2,1
4,1
2,1
2,1
2,1
2,1
2,1
2,1
2,1
2,1
2,1
2,1
2,1
2,1
2,1
2,1
2,1
2,1
2,1
2,1
2,1
2,1
2,1
2,1
2,1
2,1
2,1
2,1
2,1
2,1
2,1
2,1
2,1
2,1
2,1
2,1
2,1
2,1
2,1
2,1
2,1
2,1
2,1
2,1
2,1
2,1
2,1
2,1
2,1
2,1
2,1
2,1
2,1
2,1
2,1
2,1
2,1
2,1
2,1
2,1
2,1
2,1
2,1
2,1
2,1
2,1
2,1
2,1
2,1
2,1
2,1
2,1
2,1
2,1
2,1
2,1
2,1
2,1
2,1
2,1
2,1
2,1
2,1
2,1
2,1
2,1
2,1
2,1
2,1
2,1
2,1
2,1
2,1
2,1
2,1
2,1
2,1
2,1
2,1
2,1
2,1
2,1
2,1
2,1
2,1
2,1
2,1
2,1
2,1
2,1
2,1
2,1
2,1
2,1
2,1
2,1
2,1
2,1
2,1
2,1
2,1
2,1
2,1
2,1
2,1
2,1
2,1
2,1
2,1
2,1
2,1
2,1
2,1
2,1
2,1
2,1
2,1
2,1
2,1
2,1
2,1
2,1
2,1
2,1
2,1
2,1
2,1
2,1
2,1
2,1
2,1
2,1
2,1
2,1
2,1
2,1
2,1
2,1
2,1
2,1
2,1
2,1
2,1
2,1
2,1
2,1
2,1
2,1
2,1
2,1
2,1
2,1
2,1
2,1
2,1
2,1
2,1
2,1
2,1
2,1
2,1
2,1
2,1
2,1
2,1
2,1
2,1
2,1
2,1
2,1
2,1
2,1
2,1
2,1
2,1
2,1
2,1
2,1
2,1
2,1
2,1
2,1
2,1
2,1
2,1
2,1
2,1
2,1
2,1
2,1
2,1
2,1
2,1
2,1
2,1
2,1
2,1
2,1
2,1
2,1
2,1
2,1
2,1
2,1
2,1
2,1
2,1
2,1
2,1
2,1
2,1
2,1
2,1
2,1
2,1
2,1
2,1
2,1
2,1
2,1
2,1
2,1
2,1
2,1
2,1
2,1
2,1
2,1
2,1
2,1
2,1
2,1
2,1
2,1
2,1
2,1
2,1
2,1
2,1
2,1
2,1
2,1
2,1
2,1
2,1
2,1
2,1
2,1
2,1
2,1
2,1
2,1
2,1
2,1
2,1
2,1
2,1
2,1
2,1
2,1
2,1
2,1
2,1
2,1
2,1
2,1
2,1
2,1
2,1
2,1
2,1
2,1
2,1
2,1
2,1
2,1
2,1
2,1
2,1
2,1
2,1
2,1
2,1
2,1
2,1
2,1
2,1
2,1
2,1
2,1
2,1
2,1
2,1
2,1
2,1
2,1
2,1
2,1
2,1
2,1
2,1
2,1
2,1
2,1
2,1
2,1
2,1
2,1
2,1
2,1
2,1
2,1
2,1
2,1
2,1
2,1
2,1
2,1
2,1
2,1
2,1
2,1
2,1
2,1
2,1
2,1
2,1
2,1
2,1
2,1
2,1
2,1
2,1
2,1
2,1
2,1
2,1
2,1
2,1
2,1
2,1
2,1
2,1
2,1
2,1
2,1
2,1
2,1
2,1
2,1
2,1
2,1
2,1
2,1
2,1
2,1
2,1
2,1
2,1
2,1
2,1
2,1
2,1
2,1
2,1
2,1
2,1
2,1
2,1
2,1
2,1
2,1
2,1
2,1
2,1
2,1
2,1
2,1
2,1
2,1
2,1
2,1
2,1
2,1
2,1
2,1
2,1
2,1
2,1
2,1
2,1
2,1
2,1
2,1
2,1
2,1
2,1
2,1
2,1
2,1
2,1
2,1
2,1
2,1
2,1
2,1
2,1
2,1
2,1
2,1
2,1
2,1
2,1
2,1
2,1
2,1
2,1
2,1
2,1
2,1
2,1
2,1
2,1
2,1
2,1
2,1
2,1
2,1
2,1
2,1
2,1
2,1
2,1
2,1
2,1
2,1
2,1
2,1
2,1
2,1
2,1
2,1
2,1
2,1
2,1
2,1
2,1
2,1
2,1
2,1
2,1
2,1
2,1
2,1
2,1
2,1
2,1
2,1
2,1
2,1
2,1
2,1
2,1
2,1
2,1
2,1
2,1
2,1
2,1
2,1
2,1
2,1
2,1
2,1
2,1
2,1
2,1
2,1
2,1
2,1
2,1
2,1
2,1
2,1
2,1
2,1
2,1
2,1
2,1
2,1
2,1
2,1
2,1
2,1
2,1
2,1
2,1
2,1
2,1
2,1
2,1
2,1
2,1
2,1
2,1
2,1
2,1
2,1
2,1
2,1
2,1
2,1
2,1
2,1
2,1
2,1
2,1
2,1
2,1
2,1
2,1
2,1
2,1
2,1
2,1
2,1
2,1
2,1
2,1
2,1
2,1
2,1
2,1
2,1
2,1
2,1
2,1
2,1
2,1
2,1
2,1
2,1
2,1
2,1
2,1
2,1
2,1
2,1
2,1
2,1
2,1
2,1
2,1
2,1
2,1
2,1
2,1
2,1
2,1
2,1
2,1
2,1
2,1
2,1
2,1
2,1
2,1
2,1
2,1
2,1
2,1
2,1
2,1
2,1
2,1
2,1
2,1
2,1
2,1
2,1
2,1
2,1
2,1
2,1
2,1
2,1
2,1
2,1
2,1
2,1
2,1
2,1
2,1
2,1
2,1
2,1
2,1
2,1
2,1
2,1
2,1
2,1
2,1
2,1
2,1
2,1
2,1
2,1
2,1
2,1
2,1
2,1
2,1
2,1
2,1
2,1
2,1
2,1
2,1
2,1
2,1
2,1
2,1
2,1
2,1
2,1
2,1
2,1
2,1
2,1
2,1
2,1
2,1
2,1
2,1
2,1
2,1
2,1
2,1
2,1
2,1
2,1
2,1
2,1
2,1
2,1
2,1
2,1
2,1
2,1
2,1
2,1
2,1
2,1
2,1
2,1
2,1
2,1
2,1
2,1
2,1
2,1
2,1
2,1
2,1
2,1
2,1
2,1
2,1
2,1
2,1
2,1
2,1
2,1
2,1
2,1
2,1
2,1
2,1
2,1
2,1
2,1
2,1
2,1
2,1
2,1
2,1
2,1
2,1
2,1
2,1
2,1
2,1
2,1
2,1
2,1
2,1
2,1
2,1
2,1
2,1
2,1
2,1
2,1
2,1
2,1
2,1
2,1
2,1
2,1
2,1
2,1
2,1
2,1
2,1
2,1
2,1
2,1
2,1
2,1
2,1
2,1
2,1
2,1
2,1
2,1
2,1
2,1
2,1
2,1
2,1
2,1
2,1
2,1
2,1
2,1
2,1
2,1
2,1
2,1
2,1
2,1
2,1
2,1
2,1
2,1
2,1
2,1
2,1
2,1
2,1
2,1
2,1
2,1
2,1
2,1
2,1
2,1
2,1
2,1
2,1
2,1
2,1
2,1
2,1
2,1
2,1
2,1
2,1
2,1
2,1
2,1
2,1
2,1
2,1
2,1
2,1
2,1
2,1
2,1
2,1
2,1
2,1
2,1
2,1
2,1
2,1
2,1
2,1
2,1
2,1
2,1
2,1
2,1
2,1
2,1
2,1
2,1
2,1
2,1
2,1
2,1
2,1
2,1
2,1
2,1
2,1
2,1
2,1
2,1
2,1
2,1
2,1
2,1
2,1
2,1
2,1
2,1
2,1
2,1
2,1
2,1
2,1
2,1
2,1
2,1
2,1
2,1
2,1
2,1
2,1
2,1
2,1
2,1
2,1
2,1
2,1
2,1
2,1
2,1
2,1
2,1
2,1
2,1
2,1
2,1
2,1
2,1
2,1
2,1
2,1
2,1
2,1
2,1
2,1
2,1
2,1
2,1
2,1
2,1
2,1
2,1
2,1
2,1
2,1
2,1
2,1
2,1
2,1
2,1
2,1
2,1
2,1
2,1
2,1
2,1
2,1
2,1
2,1
2,1
2,1
2,1
2,1
2,1
2,1
2,1
2,1
2,1
2,1
2,1
2,1
2,1
2,1
2,1
2,1
2,1
2,1
2,1
2,1
2,1
2,1
2,1
2,1
2,1
2,1
2,1
2,1
2,1
2,1
2,1
2,1
2,1
2,1
2,1
2,1
2,1
2,1
2,1
2,1
2,1
2,1
2,1
2,1
2,1
2,1
2,1
2,1
2,1
2,1
2,1
2,1
2,1
2,1
2,1
2,1
2,1
2,1
2,1
2,1
2,1
2,1
2,1
2,1
2,1
2,1
2,1
2,1
2,1
2,1
2,1
2,1
2,1
2,1
2,1
2,1
2,1
2,1
2,1
2,1
2,1
2,1
2,1
2,1
2,1
6,1060
21,128
5,1
5,1
9,100
8,100
29,64
29,64
29,64
2,16
5,1
5,1
5,1
5,1
5,1
5,1
5,1
5,1
2,270
5,1
5,1
2,1
2,1
2,1
2,1
2,1
2,1
2,1
2,1
2,1
2,1
2,1
2,1
2,1
2,1
2,1
2,1
2,1
2,1
2,1
2,1
2,1
2,1
2,1
2,1
2,1
2,1
2,1
2,1
2,1
2,1
2,1
2,1
2,1
2,1
2,1
2,1
2,1
2,1
2,1
2,1
2,1
2,1
2,1
2,1
2,1
2,1
2,1
2,1
2,1
2,1
2,1
2,1
2,1
2,1
2,1
2,1
2,1
2,1
2,1
2,1
2,1
2,1
2,1
2,1
2,1
2,1
2,1
2,1
2,1
2,1
2,1
2,1
2,1
2,1
2,1
2,1
2,1
2,1
2,1
2,1
2,1
2,1
2,1
2,1
2,1
2,1
2,1
2,1
2,1
2,1
2,1
2,1
2,1
2,1
2,1
2,1
2,1
2,1
2,1
2,1
2,1
2,1
2,1
2,1
2,1
2,1
2,1
2,1
2,1
2,1
2,1
2,1
2,1
2,1
2,1
2,1
2,1
2,1
2,1
2,1
2,1
2,1
2,1
2,1
2,1
2,1
2,1
2,1
2,1
2,1
2,1
2,1
2,1
2,1
2,1
2,1
2,1
2,1
2,1
2,1
2,1
2,1
2,1
2,1
2,1
2,1
2,1
2,1
2,1
2,1
2,1
2,1
2,1
2,1
2,1
2,1
2,1
2,1
2,1
2,1
2,1
2,1
2,1
2,1
2,1
2,1
2,1
2,1
2,1
2,1
2,1
2,1
2,1
2,1
2,1
2,1
2,1
2,1
2,1
2,1
2,1
2,1
2,1
2,1
2,1
2,1
2,1
2,1
2,1
2,1
2,1
2,1
2,1
2,1
2,1
2,1
2,1
2,1
2,1
2,1
2,1
2,1
2,1
2,1
2,1
2,1
2,1
2,1
2,1
2,1
2,1
2,1
2,1
2,1
2,1
2,1
2,1
2,1
2,1
2,1
2,1
2,1
2,1
2,1
2,1
2,1
2,1
2,1
2,1
2,1
2,1
2,1
2,1
2,1
2,1
2,1
2,1
2,1
2,1
2,1
2,1
2,1
2,1
2,1
2,1
2,1
2,1
2,1
2,1
2,1
2,1
2,1
2,1
2,1
2,1
2,1
2,1
2,1
2,1
2,1
2,1
2,1
2,1
2,1
2,1
2,1
2,1
2,1
2,1
2,1
2,1
2,1
2,1
2,1
2,1
2,1
2,1
2,1
2,1
2,1
2,1
2,1
2,1
2,1
2,1
2,1
2,1
2,1
2,1
2,1
3,1
3,1
3,1
3,1
3,1
3,1
3,1
3,1
3,1
3,1
3,1
3,1
3,1
3,1
3,1
3,1
3,1
3,1
3,1
3,1
3,1
3,1
3,1
3,1
3,1
3,1
3,1
3,1
3,1
3,1
3,1
3,1
3,1
3,1
3,1
3,1
3,1
3,1
3,1
3,1
3,1
3,1
3,1
3,1
3,1
3,1
3,1
3,1
3,1
3,1
3,1
3,1
3,1
3,1
3,1
3,1
3,1
3,1
3,1
3,1
3,1
3,1
3,1
3,1
3,1
3,1
3,1
3,1
3,1
3,1
3,1
3,1
3,1
3,1
3,1
3,1
3,1
3,1
3,1
3,1
3,1
3,1
3,1
3,1
3,1
3,1
3,1
3,1
3,1
3,1
3,1
3,1
3,1
3,1
3,1
3,1
3,1
3,1
3,1
3,1
3,1
3,1
3,1
3,1
3,1
3,1
3,1
3,1
3,1
3,1
3,1
3,1
3,1
3,1
3,1
3,1
3,1
3,1
3,1
3,1
3,1
3,1
3,1
3,1
3,1
3,1
3,1
3,1
3,1
3,1
3,1
3,1
3,1
3,1
3,1
3,1
3,1
3,1
3,1
3,1
3,1
3,1
3,1
3,1
3,1
3,1
3,1
3,1
3,1
3,1
5,1
5,1
5,1
5,1
5,1
5,1
5,1
5,1
11,128
15,128
11,128
8,128
8,128
8,128
8,128
14,128
14,128
8,128
14,128
8,128
11,128
14,128
8,128
14,128
8,128
17,128
14,54
6,127
12,127
11,127
11,127
11,127
11,127
11,127
8,127
11,127
11,127
10,127
16,126
8,126
2,126
1,93
1,181
1,179
1,229
1,205
1,221
1,213
1,217
11,1500
9,2
10,2388
28,1
31,1
28,1
28,1
28,1
28,1
28,1
28,1
28,1
28,1
28,1
28,1
28,1
28,1
28,1
28,1
28,1
28,1
28,1
28,1
28,1
28,1
28,1
28,1
28,1
28,1
28,1
28,1
3,4
1,96
1,102
9,500
165,1
165,1
168,1
164,1
165,1
164,1
165,1
168,1
164,1
165,1
165,1
164,1
169,1
165,1
165,1
164,1
164,1
165,1
164,1
162,1
165,1
167,1
164,1
164,1
165,1
162,1
164,1
164,1
164,1
164,1
165,1
165,1
167,1
164,1
164,1
164,1
164,1
164,1
164,1
164,1
165,1
164,1
164,1
164,1
164,1
165,1
164,1
163,1
164,1
162,1
164,1
164,1
167,1
164,1
164,1
163,1
168,1
165,1
165,1
163,1
163,1
165,1
165,1
164,1
164,1
165,1
167,1
167,1
163,1
164,1
164,1
169,1
164,1
167,1
165,1
167,1
162,1
165,1
167,1
164,1
169,1
167,1
165,1
165,1
164,1
169,1
163,1
163,1
162,1
163,1
163,1
166,1
162,1
163,1
165,1
166,1
163,1
163,1
162,1
163,1
164,1
165,1
163,1
166,1
163,1
167,1
166,1
166,1
163,1
162,1
163,1
165,1
166,1
167,1
167,1
166,1
166,1
166,1
162,1
163,1
167,1
1,104
12,1
12,1
12,1
12,1
12,1
13,1
14,1
13,1
13,1
1,92
1,94
8,42
43,1
43,1
43,1
43,1
43,1
43,1
43,1
43,1
43,1
43,1
43,1
43,1
43,1
43,1
43,1
43,1
44,1
43,1
44,1
43,1
44,1
43,1
43,1
43,1
43,1
44,1
45,1
44,1
43,1
43,1
43,1
43,1
43,1
43,1
43,1
43,1
43,1
43,1
44,1
43,1
43,1
43,1
43,1
43,1
43,1
44,1
43,1
43,1
43,1
43,1
43,1
43,1
43,1
45,1
43,1
43,1
43,1
43,1
44,1
43,1
43,1
43,1
43,1
43,1
43,1
43,1
43,1
45,1
43,1
43,1
43,1
43,1
43,1
4,1600
44,1
44,1
45,1
44,1
44,1
44,1
44,1
44,1
45,1
45,1
44,1
43,1
45,1
44,1
44,1
44,1
45,1
45,1
43,1
44,1
44,1
44,1
44,1
44,1
45,1
44,1
44,1
44,1
44,1
44,1
43,1
44,1
43,1
44,1
45,1
44,1
43,1
44,1
44,1
44,1
44,1
43,1
43,1
45,1
44,1
44,1
44,1
44,1
44,1
44,1
44,1
44,1
43,1
43,1
43,1
43,1
43,1
43,1
44,1
43,1
45,1
43,1
44,1
44,1
43,1
43,1
44,1
43,1
43,1
44,1
44,1
44,1
43,1
43,1
45,1
43,1
43,1
43,1
43,1
43,1
43,1
43,1
43,1
43,1
44,1
44,1
43,1
43,1
43,1
43,1
43,1
43,1
43,1
43,1
43,1
43,1
43,1
44,1
43,1
43,1
44,1
43,1
43,1
43,1
43,1
43,1
43,1
44,1
45,1
45,1
45,1
46,1
45,1
44,1
44,1
45,1
45,1
45,1
45,1
44,1
45,1
47,1
44,1
44,1
44,1
44,1
44,1
44,1
44,1
44,1
44,1
6,91
12,90
44,1
1,1
1,1
1,1
1,1
1,1
1,1
1,1
1,1
1,1
1,1
1,1
1,1
1,1
1,1
1,1
1,1
1,1
1,1
1,1
1,1
1,1
1,1
1,1
1,1
1,1
1,1
1,1
1,1
1,1
1,1
1,1
1,1
1,1
1,1
1,1
1,1
1,1
1,1
1,1
1,1
1,1
1,1
1,1
1,1
1,1
1,1
1,1
1,1
1,1
1,1
1,1
1,1
1,1
1,1
1,1
1,1
1,1
1,1
1,1
1,1
1,1
1,1
1,1
1,1
1,1
1,1
1,1
1,1
1,1
1,1
1,1
1,1
1,1
1,1
1,1
1,1
1,1
1,1
1,1
1,1
1,1
1,1
1,1
1,1
1,1
1,1
1,1
1,1
1,1
1,1
1,1
1,1
1,1
1,1
1,1
1,1
1,1
1,1
1,1
1,1
1,1
3,1
3,1
3,1
3,1
3,1
3,1
3,1
3,1
3,1
3,1
3,1
3,1
3,1
3,1
3,1
3,1
3,1
3,1
3,1
3,1
3,1
3,1
3,1
3,1
3,1
3,1
3,1
3,1
3,1
3,1
3,1
3,1
3,1
3,1
3,1
3,1
3,1
3,1
3,1
3,1
3,1
3,1
3,1
3,1
3,1
3,1
3,1
3,1
3,1
3,1
3,1
3,1
3,1
3,1
3,1
3,1
3,1
3,1
3,1
3,1
3,1
3,1
3,1
3,1
3,1
3,1
3,1
3,1
3,1
3,1
3,1
3,1
3,1
3,1
3,1
3,1
3,1
3,1
3,1
3,1
3,1
3,1
3,1
3,1
3,1
3,1
3,1
3,1
3,1
3,1
3,1
3,1
3,1
3,1
3,1
3,1
3,1
3,1
3,1
3,1
3,1
3,1
3,1
3,1
3,1
3,1
3,1
3,1
3,1
3,1
3,1
3,1
3,1
3,1
3,1
3,1
7,1600
7,1600
4,1600
22,1600
11,64
11,64
11,64
44,1
44,1
44,1
44,1
44,1
45,1
44,1
44,1
44,1
44,1
44,1
44,1
44,1
44,1
46,1
44,1
44,1
44,1
44,1
44,1
44,1
44,1
44,1
44,1
45,1
44,1
44,1
44,1
44,1
44,1
44,1
44,1
44,1
44,1
44,1
44,1
44,1
44,1
44,1
44,1
44,1
44,1
45,1
44,1
44,1
44,1
44,1
43,1
44,1
44,1
44,1
44,1
43,1
44,1
43,1
44,1
44,1
44,1
44,1
43,1
44,1
44,1
44,1
44,1
44,1
44,1
44,1
44,1
44,1
44,1
44,1
44,1
46,1
44,1
44,1
44,1
44,1
43,1
44,1
44,1
43,1
44,1
44,1
4,1
47,1
47,1
46,1
46,1
47,1
46,1
46,1
46,1
46,1
46,1
46,1
46,1
46,1
46,1
47,1
46,1
46,1
46,1
47,1
46,1
45,1
45,1
45,1
45,1
46,1
2,2000
2,1951
1,1
1,1
1,1
1,1
1,1
1,1
1,1
1,1
1,1
1,1
1,1
1,1
1,1
1,1
1,1
1,1
1,1
1,1
1,1
3,1
3,1
3,1
3,1
3,1
3,1
3,1
3,1
3,1
3,1
3,1
3,1
3,1
3,1
3,1
3,1
3,1
3,1
3,1
3,1
3,1
3,1
3,1
3,1
3,1
3,1
3,1
3,1
3,1
3,1
3,1
3,1
3,1
3,1
3,1
3,1
3,1
3,1
3,1
3,1
3,1
3,1
3,1
3,1
3,1
3,1
3,1
3,1
3,1
3,1
3,1
3,1
3,1
3,1
3,1
3,1
3,1
3,1
3,1
3,1
3,1
3,1
3,1
3,1
3,1
3,1
9,335
12,160
13,156
9,152
12,152
1,500
31,500
11,64
11,64
11,64
11,64
20,768
45,1
45,1
45,1
45,1
45,1
45,1
45,1
44,1
45,1
45,1
45,1
45,1
45,1
45,1
45,1
44,1
45,1
45,1
45,1
45,1
45,1
45,1
44,1
96,1
45,1
45,1
45,1
45,1
44,1
45,1
45,1
44,1
45,1
45,1
45,1
45,1
45,1
45,1
45,1
45,1
45,1
45,1
45,1
44,1
44,1
44,1
44,1
45,1
44,1
44,1
44,1
44,1
33,484
46,1
47,1
47,1
46,1
46,1
47,1
47,1
47,1
47,1
47,1
47,1
47,1
47,1
46,1
46,1
47,1
47,1
47,1
47,1
47,1
46,1
47,1
47,1
47,1
47,1
48,1
47,1
48,1
47,1
47,1
46,1
46,1
47,1
44,1
44,1
45,1
44,1
45,1
45,1
45,1
45,1
45,1
45,1
45,1
45,1
45,1
45,1
44,1
45,1
45,1
45,1
44,1
45,1
45,1
45,1
44,1
44,1
44,1
44,1
44,1
44,1
44,1
45,1
45,1
45,1
45,1
45,1
44,1
45,1
44,1
45,1
45,1
44,1
45,1
45,1
45,1
44,1
46,1
44,1
45,1
44,1
45,1
44,1
45,1
45,1
45,1
44,1
45,1
44,1
45,1
44,1
45,1
45,1
45,1
45,1
46,1
44,1
45,1
45,1
45,1
45,1
45,1
45,1
45,1
45,1
44,1
35,484
43,1
1,1
1,1
1,1
1,1
1,1
1,1
1,1
1,1
1,1
1,1
1,1
1,1
1,1
1,1
1,1
1,1
1,1
1,1
1,1
1,1
1,1
1,1
1,1
1,1
1,1
1,1
1,1
1,1
1,1
1,1
1,1
1,1
1,1
1,1
1,1
1,1
1,1
1,1
1,1
1,1
1,1
1,1
1,1
1,1
1,1
1,1
1,1
1,1
1,1
1,1
1,1
1,1
1,1
1,1
1,1
1,1
1,1
1,1
1,1
1,1
1,1
1,1
1,1
10,16
24,64
22,100
48,1
48,1
48,1
48,1
48,1
48,1
48,1
48,1
49,1
48,1
48,1
49,1
48,1
48,1
50,1
48,1
48,1
48,1
48,1
48,1
48,1
48,1
48,1
48,1
48,1
48,1
48,1
48,1
48,1
48,1
48,1
48,1
49,1
48,1
48,1
48,1
48,1
48,1
48,1
48,1
48,1
48,1
46,1
46,1
46,1
46,1
46,1
46,1
46,1
46,1
46,1
46,1
46,1
46,1
46,1
46,1
46,1
46,1
46,1
46,1
46,1
46,1
46,1
46,1
46,1
46,1
46,1
46,1
46,1
46,1
46,1
46,1
46,1
46,1
46,1
46,1
46,1
46,1
46,1
46,1
46,1
46,1
46,1
46,1
46,1
46,1
47,1
46,1
48,1
47,1
48,1
48,1
48,1
48,1
46,1
47,1
46,1
48,1
47,1
47,1
47,1
46,1
47,1
47,1
47,1
47,1
47,1
47,1
48,1
47,1
47,1
47,1
47,1
47,1
47,1
47,1
47,1
47,1
47,1
47,1
47,1
47,1
47,1
47,1
46,1
47,1
46,1
46,1
47,1
46,1
47,1
47,1
47,1
47,1
46,1
46,1
46,1
46,1
46,1
46,1
46,1
46,1
46,1
46,1
46,1
46,1
46,1
46,1
46,1
46,1
46,1
46,1
46,1
46,1
46,1
46,1
47,1
46,1
46,1
46,1
46,1
46,1
46,1
46,1
46,1
96,1
46,1
46,1
46,1
46,1
46,1
46,1
46,1
46,1
46,1
46,1
46,1
46,1
46,1
46,1
46,1
46,1
46,1
46,1
46,1
46,1
46,1
46,1
46,1
46,1
47,1
46,1
46,1
46,1
46,1
46,1
46,1
46,1
46,1
46,1
45,1
45,1
46,1
45,1
45,1
46,1
45,1
45,1
46,1
45,1
46,1
45,1
45,1
45,1
46,1
46,1
45,1
6,1K
9,4
98,1K
4,1
8,8
47,1
46,1
46,1
46,1
46,1
46,1
46,1
46,1
46,1
47,1
46,1
47,1
46,1
47,1
46,1
47,1
47,1
48,1
47,1
46,1
47,1
48,1
47,1
47,1
46,1
47,1
46,1
46,1
46,1
46,1
46,1
47,1
46,1
46,1
48,1
48,1
46,1
46,1
48,1
48,1
46,1
46,1
47,1
46,1
46,1
46,1
46,1
46,1
46,1
46,1
46,1
46,1
46,1
46,1
46,1
46,1
46,1
46,1
46,1
46,1
46,1
46,1
47,1
46,1
46,1
46,1
46,1
46,1
46,1
46,1
46,1
46,1
46,1
46,1
46,1
46,1
46,1
46,1
46,1
45,1
2,1
2,1
2,1
2,1
2,1
2,1
2,1
2,1
2,1
2,1
2,1
2,1
2,1
2,1
2,1
2,1
2,1
2,1
2,1
2,1
2,1
2,1
2,1
2,1
2,1
2,1
2,1
2,1
2,1
2,1
2,1
2,1
2,1
2,1
2,1
2,1
2,1
2,1
2,1
2,1
2,1
2,1
2,1
2,1
2,1
2,1
2,1
2,1
2,1
2,1
2,1
2,1
2,1
2,1
2,1
2,1
2,1
2,1
2,1
2,1
2,1
2,1
2,1
1,216
11,64
9,8
13,2
50,1
50,1
50,1
49,1
49,1
50,1
50,1
50,1
49,1
49,1
50,1
49,1
49,1
50,1
48,1
48,1
48,1
48,1
48,1
48,1
47,1
47,1
47,1
48,1
48,1
47,1
48,1
47,1
48,1
48,1
48,1
48,1
48,1
48,1
47,1
48,1
48,1
48,1
48,1
48,1
48,1
47,1
48,1
47,1
48,1
47,1
47,1
48,1
47,1
47,1
47,1
48,1
48,1
47,1
48,1
48,1
47,1
47,1
47,1
47,1
48,1
48,1
48,1
47,1
48,1
47,1
44,1
44,1
44,1
45,1
44,1
44,1
44,1
44,1
44,1
45,1
44,1
44,1
44,1
44,1
44,1
46,1
44,1
44,1
44,1
44,1
44,1
44,1
44,1
44,1
44,1
44,1
44,1
44,1
44,1
44,1
44,1
45,1
44,1
44,1
44,1
9,96
9,73
9,71
9,67
9,78
8,67
9,58
8,87
8,105
8,95
8,108
9,98
9,99
8,97
8,109
9,8
9,96
9,109
8,1
9,73
9,77
9,69
8,76
9,77
2,1
2,1
2,1
2,1
2,1
2,1
2,1
2,1
2,1
2,1
2,1
2,1
2,1
2,1
2,1
2,1
2,1
2,1
2,1
2,1
2,1
2,1
2,1
2,1
2,1
2,1
2,1
2,1
2,1
2,1
2,1
2,1
2,1
2,1
2,1
2,1
2,1
2,1
2,1
2,1
2,1
2,1
2,1
2,1
2,1
2,1
2,1
2,1
2,1
2,1
2,1
2,1
2,1
2,1
2,1
2,1
2,1
2,1
2,1
2,1
2,1
2,1
2,1
2,1
2,1
2,1
2,1
2,1
2,1
2,1
2,1
2,1
2,1
2,1
2,1
2,1
2,1
2,1
2,1
2,1
2,1
2,1
2,1
2,1
2,1
2,1
2,1
2,1
2,1
2,1
2,1
2,1
2,1
2,1
2,1
2,1
2,1
2,1
2,1
2,1
2,1
2,1
2,1
2,1
2,1
2,1
2,1
2,1
2,1
2,1
2,1
2,1
2,1
2,1
2,1
2,1
2,1
2,1
2,1
2,1
2,1
2,1
2,1
2,1
2,1
2,1
2,1
2,1
2,1
2,1
2,1
2,1
2,1
2,1
2,1
2,1
2,1
2,1
2,1
2,1
2,1
2,1
2,1
2,1
2,1
2,1
2,1
2,1
2,1
2,1
2,1
2,1
2,1
2,1
2,1
2,1
2,1
2,1
2,1
2,1
2,1
2,1
2,1
2,1
2,1
2,1
9,20
14,100
14,100
14,100
14,100
8,100
14,100
14,100
12,99
2,1
2,1
2,1
2,1
2,1
2,1
2,1
2,1
2,1
2,1
2,1
2,1
2,1
2,1
2,1
2,1
2,1
2,1
2,1
2,1
2,1
2,1
2,1
2,1
2,1
2,1
2,1
2,1
2,1
2,1
2,1
2,1
2,1
2,1
2,1
2,1
2,1
2,1
2,1
2,1
2,1
2,1
2,1
2,1
2,1
2,1
2,1
2,1
2,1
2,1
2,1
2,1
2,1
2,1
2,1
2,1
2,1
2,1
2,1
2,1
2,1
2,1
2,1
2,1
2,1
2,1
2,1
2,1
2,1
2,1
2,1
2,1
2,1
2,1
2,1
2,1
2,1
2,1
2,1
2,1
2,1
2,1
2,1
2,1
2,1
2,1
2,1
2,1
2,1
2,1
2,1
2,1
2,1
2,1
2,1
2,1
2,1
2,1
2,1
2,1
2,1
2,1
2,1
2,1
2,1
2,1
2,1
2,1
2,1
2,1
2,1
2,1
2,1
2,1
2,1
2,1
2,1
2,1
2,1
2,1
2,1
2,1
2,1
2,1
2,1
2,1
2,1
2,1
2,1
2,1
2,1
2,1
2,1
2,1
2,1
2,1
2,1
2,1
2,1
2,1
2,1
2,1
2,1
2,1
2,1
2,1
2,1
2,1
2,1
2,1
2,1
2,1
2,1
2,1
2,1
2,1
2,1
2,1
2,1
2,1
2,1
2,1
2,1
2,1
2,1
2,1
2,1
2,1
2,1
2,1
2,1
2,1
2,1
2,1
2,1
2,1
2,1
2,1
2,1
2,1
2,1
2,1
2,1
2,1
2,1
2,1
2,1
2,1
2,1
2,1
2,1
2,1
2,1
2,1
2,1
2,1
2,1
2,1
2,1
2,1
2,1
2,1
2,1
2,1
2,1
2,1
2,1
2,1
2,1
2,1
2,1
2,1
2,1
2,1
2,1
2,1
2,1
2,1
2,1
2,1
2,1
2,1
2,1
2,1
2,1
2,1
2,1
2,1
2,1
2,1
2,1
2,1
2,1
2,1
2,1
2,1
2,1
2,1
2,1
2,1
2,1
2,1
2,1
2,1
2,1
2,1
2,1
2,1
2,1
2,1
2,1
2,1
2,1
2,1
2,1
2,1
2,1
2,1
2,1
2,1
2,1
2,1
2,1
2,1
2,1
2,1
2,1
2,1
2,1
2,1
2,1
2,1
2,1
2,1
2,1
2,1
2,1
2,1
2,1
2,1
2,1
2,1
2,1
2,1
2,1
2,1
2,1
2,1
2,1
2,1
2,1
2,1
2,1
2,1
2,1
2,1
2,1
2,1
2,1
2,1
2,1
2,1
2,1
2,1
2,1
2,1
2,1
2,1
2,1
2,1
2,1
2,1
2,1
2,1
2,1
2,1
2,1
2,1
2,1
2,1
2,1
2,1
2,1
2,1
2,1
2,1
2,1
2,1
2,1
2,1
2,1
2,1
2,1
2,1
2,1
2,1
2,1
2,1
2,1
2,1
2,1
2,1
2,1
2,1
2,1
2,1
2,1
2,1
2,1
2,1
2,1
2,1
2,1
2,1
2,1
2,1
2,1
2,1
2,1
2,1
2,1
2,1
2,1
2,1
2,1
2,1
2,1
2,1
2,1
2,1
2,1
2,1
2,1
2,1
2,1
2,1
2,1
2,1
2,1
2,1
2,1
2,1
2,1
2,1
2,1
2,1
2,1
2,1
2,1
2,1
2,1
2,1
2,1
2,1
2,1
2,1
2,1
2,1
2,1
2,1
2,1
2,1
2,1
2,1
2,1
2,1
2,1
2,1
2,1
2,1
2,1
2,1
2,1
2,1
2,1
2,1
2,1
2,1
2,1
2,1
2,1
2,1
2,1
2,1
2,1
2,1
2,1
2,1
2,1
2,1
2,1
2,1
2,1
2,1
2,1
2,1
2,1
2,1
2,1
2,1
2,1
2,1
2,1
2,1
2,1
2,1
2,1
2,1
2,1
2,1
2,1
2,1
2,1
2,1
2,1
2,1
2,1
2,1
2,1
2,1
2,1
2,1
2,1
2,1
2,1
2,1
2,1
2,1
2,1
2,1
2,1
2,1
2,1
2,1
2,1
49,1
48,1
48,1
48,1
48,1
48,1
48,1
48,1
48,1
48,1
48,1
48,1
48,1
48,1
48,1
48,1
48,1
48,1
48,1
48,1
48,1
48,1
48,1
48,1
48,1
48,1
48,1
48,1
48,1
48,1
48,1
48,1
48,1
48,1
48,1
48,1
48,1
48,1
48,1
48,1
48,1
48,1
48,1
48,1
48,1
48,1
48,1
47,1
48,1
48,1
48,1
48,1
48,1
48,1
47,1
48,1
48,1
48,1
48,1
48,1
48,1
48,1
48,1
48,1
47,1
47,1
48,1
48,1
48,1
48,1
48,1
48,1
48,1
48,1
48,1
48,1
48,1
48,1
48,1
48,1
48,1
48,1
48,1
48,1
48,1
48,1
48,1
47,1
48,1
48,1
48,1
48,1
48,1
48,1
48,1
48,1
48,1
48,1
48,1
48,1
48,1
48,1
48,1
48,1
48,1
48,1
48,1
48,1
47,1
7,1
48,1
7,1
7,1
47,1
7,1
47,1
7,1
48,1
7,1
48,1
7,1
47,1
7,1
47,1
7,1
47,1
7,1
47,1
7,1
47,1
7,1
48,1
7,1
47,1
7,1
47,1
7,1
47,1
7,1
47,1
7,1
47,1
7,1
47,1
7,1
47,1
7,1
47,1
7,1
47,1
7,1
47,1
7,1
47,1
7,1
48,1
7,1
47,1
7,1
48,1
7,1
7,1
47,1
7,1
47,1
7,1
47,1
7,1
48,1
7,1
47,1
7,1
47,1
7,1
47,1
7,1
47,1
7,1
48,1
7,1
47,1
7,1
7,1
6,1
47,1
6,1
46,1
7,1
47,1
6,1
47,1
6,1
47,1
6,1
47,1
6,1
47,1
7,1
47,1
6,1
47,1
6,1
6,1
47,1
7,1
47,1
7,1
7,1
47,1
6,1
47,1
6,1
6,1
46,1
6,1
47,1
7,1
47,1
6,1
47,1
6,1
47,1
6,1
47,1
6,1
6,1
46,1
6,1
6,1
47,1
6,1
47,1
6,1
47,1
7,1
46,1
6,1
47,1
6,1
47,1
6,1
47,1
6,1
47,1
6,1
47,1
46,1
6,1
47,1
6,1
47,1
6,1
46,1
6,1
47,1
6,1
47,1
7,1
47,1
46,1
46,1
46,1
46,1
46,1
46,1
46,1
46,1
46,1
47,1
46,1
46,1
46,1
46,1
46,1
46,1
46,1
46,1
46,1
46,1
46,1
46,1
46,1
46,1
46,1
46,1
46,1
46,1
46,1
46,1
46,1
46,1
46,1
46,1
46,1
46,1
46,1
46,1
46,1
46,1
46,1
46,1
46,1
46,1
46,1
46,1
46,1
46,1
46,1
46,1
46,1
46,1
46,1
46,1
46,1
46,1
46,1
46,1
46,1
47,1
46,1
46,1
46,1
46,1
46,1
46,1
46,1
46,1
46,1
46,1
46,1
46,1
46,1
46,1
46,1
46,1
46,1
46,1
46,1
46,1
46,1
46,1
46,1
46,1
46,1
46,1
46,1
46,1
46,1
46,1
46,1
46,1
46,1
46,1
46,1
46,1
46,1
47,1
46,1
47,1
46,1
46,1
46,1
46,1
47,1
47,1
46,1
46,1
46,1
46,1
46,1
46,1
46,1
46,1
46,1
46,1
46,1
46,1
46,1
46,1
46,1
46,1
46,1
46,1
45,1
46,1
45,1
46,1
46,1
45,1
45,1
46,1
46,1
46,1
45,1
46,1
45,1
46,1
46,1
46,1
46,1
46,1
46,1
46,1
46,1
45,1
46,1
46,1
46,1
46,1
46,1
46,1
46,1
46,1
46,1
45,1
46,1
46,1
46,1
46,1
46,1
46,1
46,1
46,1
46,1
46,1
46,1
46,1
45,1
46,1
46,1
46,1
46,1
45,1
46,1
46,1
46,1
46,1
45,1
45,1
45,1
45,1
46,1
46,1
46,1
46,1
46,1
45,1
46,1
46,1
45,1
46,1
46,1
46,1
46,1
45,1
46,1
46,1
46,1
45,1
46,1
45,1
46,1
46,1
46,1
46,1
46,1
46,1
46,1
45,1
46,1
46,1
46,1
46,1
45,1
46,1
46,1
46,1
45,1
46,1
46,1
45,1
46,1
45,1
46,1
45,1
46,1
46,1
46,1
46,1
46,1
46,1
46,1
46,1
45,1
46,1
46,1
45,1
46,1
46,1
45,1
46,1
45,1
46,1
46,1
46,1
46,1
46,1
46,1
46,1
45,1
46,1
45,1
45,1
45,1
45,1
45,1
45,1
45,1
45,1
45,1
45,1
45,1
46,1
45,1
46,1
45,1
45,1
45,1
45,1
46,1
46,1
45,1
2,1
2,1
2,1
2,1
2,1
2,1
2,1
2,1
2,1
2,1
2,1
2,1
2,1
2,1
2,1
2,1
2,1
2,1
2,1
2,1
2,1
2,1
2,1
2,1
2,1
2,1
2,1
2,1
2,1
2,1
2,1
2,1
2,1
2,1
2,1
2,1
2,1
2,1
2,1
2,1
2,1
2,1
2,1
2,1
1,1
2,1
2,1
2,1
2,1
2,1
2,1
2,1
2,1
2,1
2,1
2,1
2,1
2,1
2,1
2,1
2,1
2,1
2,1
2,1
2,1
2,1
2,1
2,1
2,1
2,1
2,1
2,1
2,1
2,1
2,1
2,1
2,1
2,1
2,1
2,1
2,1
2,1
2,1
2,1
2,1
2,1
2,1
2,1
2,1
2,1
2,1
2,1
2,1
2,1
2,1
2,1
2,1
2,1
2,1
2,1
2,1
2,1
2,1
2,1
2,1
2,1
2,1
2,1
2,1
2,1
2,1
2,1
2,1
2,1
2,1
2,1
2,1
2,1
2,1
2,1
2,1
2,1
2,1
2,1
2,1
2,1
2,1
2,1
2,1
2,1
2,1
2,1
2,1
2,1
2,1
2,1
2,1
2,1
2,1
2,1
2,1
2,1
2,1
2,1
2,1
2,1
2,1
2,1
2,1
2,1
2,1
2,1
2,1
2,1
2,1
2,1
2,1
2,1
2,1
2,1
2,1
2,1
2,1
2,1
2,1
2,1
2,1
2,1
2,1
2,1
2,1
2,1
2,1
2,1
2,1
2,1
2,1
2,1
2,1
2,1
2,1
2,1
2,1
2,1
2,1
2,1
2,1
2,1
2,1
2,1
2,1
2,1
2,1
2,1
2,1
2,1
2,1
2,1
2,1
2,1
2,1
2,1
2,1
2,1
2,1
2,1
45,1
45,1
45,1
45,1
45,1
45,1
45,1
45,1
45,1
45,1
45,1
45,1
45,1
45,1
45,1
45,1
45,1
45,1
45,1
45,1
45,1
45,1
45,1
45,1
45,1
45,1
45,1
45,1
45,1
44,1
44,1
45,1
44,1
44,1
44,1
45,1
44,1
44,1
44,1
45,1
44,1
44,1
44,1
44,1
44,1
44,1
44,1
44,1
44,1
44,1
45,1
45,1
44,1
44,1
44,1
45,1
44,1
44,1
44,1
45,1
44,1
44,1
45,1
45,1
44,1
44,1
44,1
44,1
44,1
44,1
2,1
2,1
2,1
2,1
2,1
2,1
2,1
2,1
2,1
2,1
2,1
2,1
2,1
2,1
2,1
2,1
2,1
2,1
2,1
2,1
2,1
2,1
2,1
2,1
2,1
2,1
2,1
2,1
2,1
2,1
2,1
2,1
2,1
2,1
2,1
2,1
2,1
2,1
2,1
2,1
2,1
2,1
2,1
2,1
2,1
2,1
2,1
2,1
2,1
2,1
2,1
2,1
2,1
2,1
2,1
2,1
2,1
2,1
2,1
2,1
2,1
2,1
2,1
2,1
2,1
2,1
2,1
2,1
2,1
2,1
2,1
2,1
2,1
2,1
2,1
2,1
2,1
2,1
2,1
2,1
2,1
2,1
2,1
2,1
2,1
2,1
2,1
2,1
2,1
2,1
2,1
2,1
2,1
2,1
2,1
2,1
2,1
2,1
2,1
2,1
2,1
2,1
2,1
2,1
2,1
2,1
2,1
2,1
2,1
2,1
2,1
2,1
2,1
2,1
2,1
2,1
2,1
2,1
2,1
2,1
2,1
2,1
2,1
2,1
2,1
2,1
2,1
2,1
2,1
2,1
2,1
2,1
2,1
2,1
2,1
2,1
43,1
43,1
43,1
43,1
43,1
43,1
43,1
43,1
43,1
43,1
43,1
43,1
43,1
43,1
43,1
43,1
43,1
43,1
43,1
43,1
43,1
43,1
43,1
43,1
43,1
43,1
43,1
43,1
43,1
43,1
43,1
2,1
2,1
2,1
2,1
2,1
2,1
2,1
2,1
2,1
2,1
2,1
2,1
2,1
2,1
2,1
2,1
2,1
2,1
2,1
2,1
1,2476
2,500
2,500
2,2653
2,1
2,1
2,1
2,1
2,1
2,1
2,1
2,1
2,1
2,1
2,1
2,1
2,1
2,1
2,1
2,1
2,1
2,1
2,1
2,1
2,1
2,1
2,1
2,1
2,1
2,1
2,1
2,1
2,1
2,1
2,1
2,1
2,1
2,1
2,1
2,1
2,1
2,1
2,1
2,1
2,1
2,1
2,1
2,1
2,1
2,1
2,1
2,1
2,1
2,1
2,1
2,1
2,1
2,1
2,1
2,1
2,1
2,1
2,1
2,1
2,1
2,1
2,1
2,1
2,1
2,1
2,1
2,1
2,1
2,1
2,1
2,1
2,1
2,1
2,1
2,1
2,1
2,1
2,1
2,1
2,1
2,1
2,1
2,1
2,1
2,1
2,1
2,1
2,1
2,1
2,1
2,1
2,1
2,1
2,1
2,1
2,1
2,1
2,1
2,1
2,1
2,1
2,1
2,1
2,1
2,1
2,1
2,1
2,1
2,1
2,1
2,1
2,1
2,1
2,1
2,1
2,1
2,1
2,1
2,1
2,1
2,1
2,1
2,1
2,1
2,1
2,1
2,1
2,1
2,1
2,1
2,1
2,1
2,1
2,1
2,1
2,1
2,1
2,1
2,1
2,1
2,1
2,1
2,1
2,1
2,1
2,1
2,1
2,1
2,1
2,1
2,1
2,1
2,1
2,1
2,1
2,1
2,1
2,1
2,1
2,1
2,1
2,1
2,1
2,1
2,1
2,1
2,1
2,1
2,1
2,1
2,1
2,1
2,1
2,1
2,1
2,1
2,1
2,1
2,1
2,1
2,1
2,1
2,1
2,1
2,1
2,1
2,1
2,1
2,1
2,1
2,1
2,1
2,1
2,1
2,1
2,1
2,1
2,1
2,1
2,1
2,1
2,1
2,1
2,1
2,1
2,1
2,1
2,1
2,1
2,1
2,1
2,1
2,1
2,1
2,1
2,1
2,1
2,1
2,1
2,1
2,1
2,1
2,1
2,1
2,1
2,1
2,1
2,1
2,1
2,1
2,1
2,1
2,1
2,1
2,1
2,1
2,1
2,1
2,1
2,1
2,1
2,1
2,1
2,1
2,1
2,1
2,1
2,1
2,1
2,1
2,1
3,1
2,1
2,1
2,1
2,1
3,1
2,1
2,1
2,1
2,1
3,1
2,1
2,1
3,1
3,1
2,1
3,1
3,1
2,1
2,1
3,1
3,1
2,1
2,1
3,1
2,1
3,1
3,1
3,1
3,1
3,1
2,1
3,1
2,1
3,1
2,1
3,1
2,1
3,1
2,1
3,1
3,1
3,1
2,1
2,1
2,1
3,1
2,1
2,1
3,1
3,1
3,1
3,1
3,1
2,1
3,1
3,1
3,1
3,1
3,1
3,1
2,1
2,1
2,1
2,1
3,1
3,1
2,1
3,1
3,1
3,1
3,1
3,1
3,1
3,1
3,1
2,1
2,1
2,1
2,1
3,1
2,1
3,1
3,1
2,1
2,1
2,1
2,1
2,1
2,1
2,1
2,1
2,1
2,1
2,1
2,1
2,1
2,1
2,1
2,1
2,1
2,1
2,1
2,1
2,1
2,1
2,1
2,1
2,1
2,1
2,1
2,1
2,1
2,1
2,1
2,1
2,1
2,1
2,1
2,1
2,1
2,1
2,1
2,1
2,1
2,1
2,1
2,1
2,1
2,1
2,1
2,1
2,1
2,1
2,1
2,1
2,1
2,1
2,1
2,1
2,1
2,1
2,1
2,1
2,1
2,1
2,1
2,1
2,1
2,1
2,1
2,1
2,1
2,1
2,1
2,1
2,1
2,1
2,1
2,1
2,1
2,1
2,1
2,1
2,1
2,1
2,1
2,1
2,1
2,1
2,1
2,1
2,1
2,1
2,1
2,1
2,1
2,1
2,1
2,1
2,1
2,1
2,1
2,1
2,1
2,1
2,1
2,1
2,1
2,1
2,1
2,1
2,1
2,1
2,1
2,1
2,1
2,1
2,1
2,1
2,1
2,1
2,1
2,1
2,1
2,1
2,1
2,1
2,1
2,1
2,1
2,1
2,1
2,1
2,1
2,1
2,1
2,1
2,1
2,1
2,1
2,1
2,1
2,1
2,1
50,1
51,1
51,1
50,1
50,1
49,1
50,1
50,1
50,1
50,1
50,1
29,1
3,8
18,4
2,500
2,500
1,1
1,1
1,1
1,1
1,1
1,1
1,1
2,1
1,1
1,1
1,1
1,1
1,1
1,1
1,1
1,1
1,1
1,1
1,1
1,1
1,1
1,1
1,1
1,1
1,1
1,1
1,1
1,1
1,1
1,1
1,1
1,1
1,1
1,1
1,1
1,1
1,1
1,1
1,1
1,1
1,1
1,1
1,1
1,1
1,1
1,1
1,1
1,1
1,1
1,1
1,1
1,1
1,1
1,1
1,1
1,1
1,1
1,1
1,1
1,1
1,1
1,1
1,1
1,1
1,1
1,1
1,1
1,1
1,1
1,1
1,1
1,1
1,1
1,1
1,1
1,1
1,1
1,1
1,1
1,1
1,1
1,1
1,1
1,1
1,1
1,1
1,1
1,1
1,1
1,1
1,1
1,1
1,1
1,1
1,1
1,1
1,1
1,1
1,1
1,1
1,1
1,1
1,1
1,1
1,1
1,1
1,1
1,1
1,1
1,1
1,1
1,1
1,1
1,1
1,1
1,1
1,1
1,1
1,1
1,1
1,1
1,1
1,1
1,1
1,1
1,1
1,1
1,1
1,1
1,1
1,1
1,1
1,1
1,1
1,1
1,1
1,1
1,1
1,1
1,1
1,1
1,1
1,1
1,1
1,1
1,1
1,1
1,1
1,1
1,1
1,1
1,1
1,1
1,1
1,1
1,1
1,1
1,1
1,1
1,1
1,1
1,1
1,1
1,1
1,1
1,1
1,1
1,1
1,1
1,1
1,1
1,1
1,1
1,1
1,1
1,1
1,1
1,1
1,1
1,1
1,1
1,86
2,500
14,200
11,64
12,64
50,1
51,1
50,1
50,1
50,1
50,1
50,1
50,1
50,1
50,1
50,1
50,1
50,1
50,1
50,1
50,1
50,1
50,1
50,1
50,1
50,1
50,1
50,1
50,1
50,1
50,1
50,1
50,1
50,1
50,1
50,1
50,1
50,1
50,1
50,1
50,1
50,1
50,1
50,1
50,1
50,1
50,1
50,1
50,1
50,1
50,1
50,1
50,1
51,1
50,1
50,1
50,1
50,1
50,1
50,1
50,1
50,1
50,1
50,1
50,1
50,1
49,1
50,1
50,1
50,1
50,1
50,1
50,1
50,1
49,1
50,1
49,1
50,1
50,1
49,1
49,1
50,1
49,1
49,1
50,1
50,1
49,1
49,1
50,1
50,1
49,1
49,1
49,1
49,1
49,1
49,1
49,1
49,1
49,1
49,1
49,1
49,1
49,1
49,1
49,1
49,1
49,1
49,1
49,1
49,1
49,1
49,1
48,1
48,1
49,1
48,1
48,1
48,1
49,1
49,1
49,1
49,1
49,1
49,1
48,1
48,1
48,1
48,1
48,1
48,1
48,1
48,1
48,1
48,1
1,1
1,1
1,1
1,1
1,1
1,1
1,1
1,1
1,1
1,1
1,1
1,1
1,1
1,1
1,1
1,1
1,1
1,1
1,1
1,1
1,1
1,1
1,1
1,1
1,1
1,1
1,1
1,1
1,1
1,1
1,1
1,1
1,1
1,1
1,1
1,1
1,1
1,1
1,1
1,1
1,1
1,1
1,1
1,1
1,1
1,1
1,1
1,1
1,1
1,1
1,1
1,1
1,1
1,1
1,1
1,1
1,1
1,1
1,1
1,1
1,1
1,1
1,1
1,1
1,1
1,1
1,1
1,1
1,1
1,1
1,1
1,1
1,1
1,1
1,1
1,1
1,1
1,1
1,1
1,1
1,1
1,1
1,1
1,1
1,1
1,1
1,1
1,1
1,1
1,1
1,1
1,1
1,1
1,1
1,1
1,1
1,1
1,1
1,1
1,1
1,1
1,1
1,1
1,1
1,1
1,1
1,1
1,1
1,1
1,1
1,1
1,1
1,1
1,1
1,1
1,1
1,1
1,1
1,1
1,1
1,1
1,1
1,1
1,1
1,1
1,1
1,1
1,1
1,1
1,1
1,1
1,1
1,1
1,1
1,1
1,1
1,1
1,1
1,1
1,1
1,1
1,1
1,1
1,1
1,1
1,1
1,1
1,1
1,1
1,1
1,1
1,1
1,1
1,1
1,1
1,1
1,1
1,1
1,1
1,1
1,1
1,1
1,1
1,1
1,1
1,1
1,1
1,1
1,1
1,1
1,1
1,1
1,1
1,1
1,1
1,1
3,8
1,411
1,411
52,1
52,1
52,1
52,1
53,1
52,1
52,1
53,1
52,1
52,1
53,1
52,1
53,1
53,1
52,1
52,1
52,1
52,1
52,1
52,1
52,1
52,1
52,1
52,1
51,1
52,1
52,1
53,1
52,1
52,1
52,1
51,1
51,1
51,1
50,1
51,1
51,1
50,1
51,1
51,1
50,1
50,1
50,1
51,1
51,1
51,1
51,1
50,1
50,1
50,1
50,1
51,1
50,1
50,1
50,1
50,1
51,1
50,1
51,1
51,1
51,1
51,1
50,1
51,1
51,1
51,1
51,1
51,1
51,1
51,1
50,1
50,1
51,1
51,1
50,1
51,1
51,1
51,1
51,1
51,1
50,1
50,1
51,1
51,1
50,1
50,1
51,1
50,1
51,1
51,1
51,1
50,1
51,1
51,1
51,1
51,1
50,1
50,1
50,1
51,1
50,1
51,1
49,1
50,1
50,1
51,1
50,1
49,1
51,1
49,1
49,1
49,1
50,1
49,1
49,1
49,1
49,1
49,1
50,1
50,1
50,1
49,1
50,1
50,1
50,1
50,1
49,1
50,1
50,1
49,1
49,1
50,1
49,1
49,1
50,1
49,1
50,1
50,1
50,1
50,1
50,1
50,1
50,1
2,1000
2,1000
2,1000
146,1
147,1
146,1
146,1
147,1
146,1
146,1
2,1000
1,641
1,1752
1,1538
17,300
19,300
17,300
21,300
21,300
2,500
2,500
44,1
44,1
3,5050
3,5057
3,5115
1,1
1,1
1,1
1,1
1,1
1,1
1,1
1,1
1,1
1,1
1,1
1,1
1,1
1,1
1,1
1,1
1,1
1,1
1,1
1,1
1,1
1,1
1,1
1,1
1,1
1,1
1,1
1,1
1,1
1,1
1,1
1,1
1,1
1,1
1,1
1,1
1,1
1,1
1,1
1,1
1,1
1,1
1,1
1,1
1,1
1,1
1,1
1,1
1,1
1,1
1,1
1,1
1,1
1,1
1,1
1,1
1,1
1,1
1,1
1,1
1,1
1,1
1,1
1,1
1,1
1,1
1,1
1,1
1,1
1,1
1,1
1,1
1,1
1,1
1,1
1,1
1,1
1,1
1,1
1,1
1,1
1,1
1,1
1,1
1,1
1,1
1,1
1,1
1,1
1,1
1,1
1,1
1,1
1,1
1,1
1,1
1,1
1,1
1,1
1,1
1,1
1,1
2,1
1,1
2,1
1,1
1,1
1,1
1,1
2,1
1,1
1,1
1,1
1,1
1,1
1,1
1,1
1,1
1,1
2,1
1,1
1,1
1,1
2,1
1,1
1,1
1,1
2,1
1,1
1,1
1,1
1,1
1,1
1,1
1,1
1,1
1,1
1,1
1,1
1,1
1,1
1,1
1,1
1,1
1,1
1,1
1,1
1,1
1,1
1,1
1,1
1,1
1,1
1,1
1,1
1,1
1,1
1,1
1,1
1,1
1,1
1,1
1,1
1,1
1,1
1,1
1,1
1,1
1,1
1,1
1,1
1,1
1,1
1,1
1,1
1,1
1,1
1,1
1,1
1,1
1,1
1,1
1,1
1,1
1,1
1,1
1,1
1,1
1,1
1,1
1,1
1,1
1,1
1,1
1,1
1,1
1,1
1,1
1,1
1,1
1,1
1,1
1,1
1,1
1,1
1,1
1,1
1,1
1,1
1,1
1,1
1,1
1,1
1,1
1,1
1,1
1,1
1,1
1,1
1,1
1,1
1,1
1,1
1,1
1,1
1,1
1,1
1,1
1,1
1,1
1,1
1,1
1,1
1,1
1,1
1,1
1,1
1,1
1,1
1,1
1,1
1,1
1,1
1,1
1,1
1,1
1,1
1,1
1,1
1,1
1,1
1,1
1,1
1,1
1,1
1,1
1,1
1,1
1,1
1,1
1,1
1,1
1,1
1,1
1,1
1,1
1,1
1,1
1,1
1,1
1,1
1,1
1,1
1,1
1,1
1,1
1,1
1,1
1,1
1,1
1,1
1,1
1,1
1,1
1,1
1,1
1,1
1,1
1,1
1,1
1,1
1,1
1,1
1,1
1,1
1,1
1,1
1,1
1,1
1,1
1,1
1,1
1,1
1,1
1,1
1,1
1,1
1,1
1,1
1,1
1,1
1,1
1,1
1,1
1,1
1,1
1,1
1,1
1,1
1,1
1,1
1,1
1,1
1,1
1,1
1,1
1,1
1,1
1,1
1,1
1,1
1,1
1,1
1,1
1,1
1,1
1,1
1,1
1,1
1,1
1,1
1,1
1,1
1,1
1,1
1,1
1,1
1,1
1,1
1,1
1,1
1,1
1,1
1,1
1,1
1,1
1,1
1,1
1,1
1,1
1,1
1,1
1,1
1,1
1,1
1,1
1,1
1,1
1,1
1,1
1,1
1,1
1,1
1,1
1,1
1,1
1,1
1,1
1,1
1,1
1,1
1,1
1,1
1,1
1,1
1,1
1,1
1,1
1,1
1,1
1,1
1,1
1,1
1,1
1,1
1,1
1,1
1,1
1,1
1,1
1,1
1,1
1,1
1,1
1,1
1,1
1,1
1,1
1,1
1,1
1,1
1,1
1,1
1,1
1,1
1,1
1,1
1,1
1,1
1,1
1,1
1,1
1,1
1,1
1,1
1,1
1,1
1,1
1,1
1,1
1,1
1,1
1,1
1,1
1,1
1,1
1,1
1,1
1,1
1,1
1,1
1,1
1,1
1,1
1,1
1,1
1,1
1,1
1,1
1,1
1,1
1,1
1,1
1,1
1,1
1,1
1,1
1,1
1,1
1,1
1,1
1,1
1,1
1,1
1,1
1,1
1,1
1,1
1,1
1,1
1,1
1,1
1,1
1,1
1,1
1,1
1,1
1,1
1,1
1,1
1,1
1,1
1,1
1,1
1,1
1,1
1,1
1,1
1,1
1,1
1,1
1,1
1,1
1,1
1,1
1,1
1,1
1,1
1,1
1,1
1,1
1,1
1,1
1,1
1,1
1,1
1,1
1,1
1,1
1,1
1,1
1,1
1,1
1,1
1,1
1,1
1,1
1,1
1,1
1,1
1,1
1,1
1,1
1,1
1,1
1,1
1,1
1,1
1,1
1,1
1,1
1,1
1,1
1,1
1,1
1,1
1,1
1,1
1,1
1,1
1,1
1,1
1,1
1,1
1,1
1,1
1,1
1,1
1,1
1,1
1,1
1,1
1,1
1,1
1,1
1,1
1,1
1,1
1,1
1,1
1,1
1,1
1,1
1,1
1,1
1,1
1,1
1,1
1,1
2,1
1,1
1,1
1,1
1,1
1,1
1,1
1,1
1,1
1,1
1,1
1,1
1,1
1,1
1,1
1,1
1,1
1,1
1,1
1,1
1,1
1,1
1,1
1,1
1,1
1,1
1,1
1,1
1,1
1,1
1,1
1,1
1,1
1,1
1,1
1,1
1,1
1,1
1,1
1,1
1,1
1,1
1,1
1,1
1,1
1,1
1,1
1,1
1,1
1,1
1,1
1,1
1,1
1,1
1,1
1,1
1,1
1,1
1,1
1,1
1,1
1,1
1,1
1,1
1,1
1,1
1,1
1,1
1,1
1,1
1,1
1,1
1,1
1,1
1,1
1,1
1,1
1,1
1,1
1,1
1,1
1,1
1,1
1,1
1,1
1,1
1,1
1,1
1,1
1,1
1,1
1,1
1,1
1,1
1,1
1,1
1,1
1,1
1,1
1,1
1,1
1,1
1,1
1,1
1,1
1,1
1,1
1,1
1,1
1,1
1,1
1,1
1,1
1,1
1,1
1,1
1,1
1,1
1,1
1,1
1,1
1,1
1,1
1,1
1,1
1,1
1,1
1,1
1,1
1,1
1,1
1,1
1,1
1,1
1,1
1,1
1,1
1,1
1,1
1,1
1,1
1,1
1,1
1,1
1,1
1,1
1,1
1,1
1,1
1,1
1,1
1,1
1,1
1,1
1,1
1,1
1,1
1,1
1,1
1,1
1,1
1,1
1,1
1,1
1,1
1,1
1,1
1,1
1,1
1,1
1,1
1,1
1,1
1,1
1,1
1,1
1,1
1,1
1,1
1,1
1,1
1,1
1,1
1,1
1,1
1,1
1,1
1,1
1,1
1,1
1,1
1,1
1,1
1,1
1,1
1,1
1,1
1,1
1,1
1,1
1,1
1,1
1,1
1,1
1,1
1,1
1,1
1,1
1,1
1,1
1,1
1,1
1,1
1,1
1,1
1,1
1,1
1,1
1,1
1,1
1,1
1,1
1,1
1,1
1,1
1,1
1,1
1,1
1,1
1,1
1,1
1,1
1,1
1,1
1,1
1,1
1,1
1,1
1,1
1,1
1,1
1,1
1,1
1,1
1,1
1,1
1,1
1,1
1,1
1,1
1,1
1,1
1,1
1,1
1,1
1,1
1,1
1,1
1,1
1,1
1,1
1,1
1,1
1,1
1,1
1,1
1,1
1,1
1,1
1,1
1,1
1,1
1,1
1,1
1,1
1,1
1,1
1,1
1,1
1,1
1,1
1,1
1,1
1,1
1,1
1,1
1,1
1,1
1,1
1,1
1,1
1,1
1,1
1,1
1,1
1,1
1,1
1,1
1,1
1,1
1,1
1,1
1,1
1,1
1,1
1,1
1,1
1,1
1,1
1,1
1,1
1,1
10,200
43,1
43,1
43,1
43,1
43,1
43,1
43,1
43,1
43,1
43,1
43,1
43,1
43,1
43,1
43,1
43,1
43,1
43,1
43,1
1,1
43,1
43,1
43,1
43,1
43,1
43,1
43,1
43,1
43,1
43,1
43,1
43,1
43,1
43,1
43,1
47,1
43,1
43,1
43,1
43,1
43,1
43,1
43,1
43,1
43,1
43,1
43,1
43,1
35,1
28,1
35,1
35,1
35,1
35,1
34,1
32,1
35,1
35,1
34,1
35,1
34,1
35,1
33,1
32,1
22,1
32,1
35,1
35,1
35,1
34,1
35,1
35,1
31,1
41,1
35,1
35,1
31,1
35,1
35,1
35,1
35,1
35,1
22,1
35,1
35,1
34,1
23,1
35,1
35,1
35,1
61,1
61,1
61,1
61,1
61,1
61,1
58,1
58,1
59,1
59,1
58,1
58,1
59,1
58,1
59,1
57,1
58,1
59,1
59,1
58,1
57,1
57,1
58,1
57,1
59,1
58,1
58,1
59,1
59,1
57,1
62,1
58,1
58,1
58,1
59,1
59,1
58,1
58,1
60,1
59,1
58,1
60,1
62,1
58,1
59,1
57,1
59,1
57,1
57,1
59,1
58,1
57,1
61,1
61,1
61,1
61,1
62,1
62,1
62,1
62,1
62,1
62,1
62,1
62,1
62,1
62,1
62,1
62,1
62,1
62,1
62,1
62,1
62,1
62,1
62,1
62,1
62,1
62,1
2,500
42,1
42,1
42,1
42,1
42,1
42,1
42,1
42,1
42,1
42,1
42,1
42,1
42,1
42,1
42,1
43,1
42,1
42,1
42,1
42,1
42,1
42,1
42,1
42,1
42,1
42,1
42,1
42,1
42,1
42,1
42,1
42,1
42,1
42,1
42,1
42,1
42,1
42,1
42,1
42,1
42,1
42,1
42,1
42,1
43,1
42,1
42,1
42,1
42,1
42,1
42,1
42,1
42,1
42,1
42,1
42,1
42,1
42,1
42,1
43,1
42,1
42,1
42,1
42,1
42,1
42,1
42,1
43,1
46,1
42,1
42,1
42,1
42,1
42,1
42,1
42,1
42,1
43,1
42,1
42,1
42,1
42,1
42,1
42,1
42,1
42,1
42,1
42,1
42,1
42,1
42,1
43,1
42,1
43,1
42,1
42,1
42,1
42,1
42,1
42,1
42,1
42,1
43,1
43,1
42,1
42,1
43,1
42,1
43,1
42,1
42,1
42,1
42,1
42,1
42,1
43,1
42,1
42,1
43,1
74,1
42,1
43,1
42,1
42,1
43,1
42,1
42,1
43,1
42,1
43,1
42,1
42,1
43,1
43,1
42,1
42,1
42,1
42,1
42,1
42,1
42,1
42,1
43,1
42,1
43,1
44,1
42,1
42,1
42,1
42,1
42,1
42,1
42,1
42,1
42,1
42,1
42,1
42,1
42,1
42,1
42,1
43,1
42,1
43,1
42,1
43,1
43,1
43,1
43,1
42,1
43,1
43,1
42,1
42,1
43,1
43,1
43,1
42,1
42,1
43,1
43,1
42,1
42,1
42,1
43,1
42,1
43,1
43,1
43,1
43,1
43,1
42,1
43,1
43,1
43,1
43,1
43,1
43,1
42,1
43,1
42,1
43,1
42,1
43,1
43,1
43,1
43,1
42,1
43,1
43,1
42,1
43,1
43,1
43,1
42,1
42,1
43,1
43,1
43,1
43,1
43,1
43,1
43,1
43,1
43,1
43,1
43,1
43,1
42,1
42,1
42,1
42,1
42,1
43,1
42,1
43,1
42,1
42,1
42,1
42,1
43,1
43,1
43,1
43,1
43,1
42,1
42,1
42,1
43,1
42,1
93,1
42,1
42,1
42,1
42,1
42,1
42,1
42,1
42,1
42,1
42,1
42,1
43,1
43,1
42,1
43,1
43,1
43,1
43,1
42,1
42,1
42,1
42,1
43,1
43,1
42,1
42,1
43,1
42,1
43,1
42,1
42,1
42,1
43,1
42,1
43,1
42,1
42,1
42,1
42,1
42,1
42,1
42,1
42,1
43,1
42,1
43,1
42,1
43,1
42,1
43,1
42,1
43,1
43,1
43,1
42,1
42,1
42,1
42,1
4,1
43,1
43,1
42,1
42,1
43,1
42,1
43,1
43,1
42,1
42,1
42,1
43,1
42,1
42,1
42,1
42,1
42,1
42,1
43,1
42,1
42,1
42,1
42,1
69,1
42,1
42,1
42,1
42,1
42,1
48,1
42,1
42,1
43,1
42,1
43,1
42,1
42,1
43,1
42,1
42,1
231,1
42,1
42,1
42,1
42,1
42,1
42,1
42,1
43,1
42,1
42,1
43,1
42,1
43,1
42,1
42,1
42,1
42,1
209,1
42,1
42,1
42,1
42,1
42,1
42,1
42,1
42,1
42,1
42,1
42,1
42,1
42,1
42,1
42,1
42,1
42,1
42,1
43,1
42,1
42,1
42,1
42,1
42,1
42,1
43,1
42,1
42,1
42,1
43,1
42,1
42,1
42,1
42,1
42,1
43,1
42,1
42,1
43,1
42,1
42,1
43,1
42,1
42,1
42,1
42,1
42,1
42,1
42,1
42,1
42,1
42,1
42,1
42,1
42,1
42,1
42,1
42,1
98,1
42,1
42,1
42,1
42,1
42,1
42,1
42,1
42,1
42,1
42,1
42,1
42,1
43,1
42,1
42,1
42,1
42,1
42,1
42,1
43,1
42,1
42,1
42,1
42,1
42,1
42,1
42,1
42,1
42,1
42,1
42,1
42,1
42,1
42,1
42,1
42,1
42,1
42,1
42,1
42,1
43,1
42,1
42,1
42,1
42,1
42,1
42,1
42,1
42,1
42,1
42,1
43,1
42,1
42,1
42,1
42,1
42,1
42,1
42,1
101,1
42,1
42,1
42,1
42,1
42,1
42,1
42,1
42,1
42,1
42,1
42,1
42,1
42,1
42,1
42,1
42,1
42,1
42,1
42,1
42,1
42,1
43,1
42,1
42,1
42,1
42,1
42,1
42,1
42,1
43,1
42,1
42,1
42,1
42,1
42,1
42,1
42,1
42,1
42,1
42,1
42,1
42,1
42,1
42,1
42,1
42,1
43,1
43,1
42,1
42,1
42,1
42,1
42,1
42,1
42,1
42,1
42,1
43,1
42,1
42,1
21,200
15,200
5,199
1,914
3,8
2,100
12,1000
44,1
45,1
44,1
44,1
44,1
44,1
44,1
45,1
44,1
44,1
44,1
44,1
44,1
44,1
44,1
44,1
44,1
44,1
44,1
44,1
44,1
44,1
44,1
44,1
44,1
44,1
44,1
44,1
44,1
44,1
44,1
44,1
44,1
44,1
44,1
44,1
44,1
44,1
44,1
44,1
44,1
44,1
44,1
44,1
44,1
44,1
44,1
44,1
44,1
45,1
44,1
44,1
44,1
44,1
44,1
44,1
44,1
44,1
44,1
44,1
44,1
44,1
44,1
44,1
44,1
44,1
44,1
44,1
44,1
44,1
44,1
44,1
44,1
44,1
44,1
45,1
44,1
44,1
44,1
44,1
44,1
44,1
44,1
44,1
45,1
44,1
44,1
44,1
44,1
44,1
44,1
44,1
44,1
44,1
44,1
44,1
44,1
44,1
44,1
44,1
44,1
44,1
44,1
44,1
44,1
44,1
44,1
44,1
44,1
44,1
44,1
44,1
44,1
44,1
44,1
44,1
44,1
44,1
45,1
44,1
44,1
44,1
44,1
44,1
44,1
44,1
44,1
44,1
44,1
44,1
44,1
44,1
44,1
44,1
44,1
44,1
44,1
44,1
44,1
44,1
44,1
44,1
44,1
44,1
44,1
52,1
44,1
44,1
44,1
44,1
44,1
44,1
46,1
44,1
45,1
44,1
44,1
44,1
44,1
44,1
44,1
44,1
44,1
44,1
44,1
44,1
44,1
44,1
44,1
44,1
45,1
44,1
44,1
44,1
44,1
45,1
44,1
44,1
44,1
44,1
44,1
45,1
44,1
44,1
44,1
44,1
44,1
44,1
44,1
44,1
44,1
44,1
43,1
43,1
44,1
44,1
44,1
44,1
44,1
43,1
44,1
44,1
44,1
44,1
44,1
43,1
43,1
44,1
2,1
42,1
42,1
42,1
42,1
42,1
42,1
42,1
42,1
42,1
42,1
42,1
43,1
42,1
42,1
42,1
42,1
42,1
42,1
42,1
42,1
42,1
42,1
42,1
42,1
42,1
42,1
42,1
42,1
42,1
42,1
42,1
42,1
42,1
42,1
42,1
42,1
42,1
42,1
44,1
42,1
42,1
42,1
42,1
42,1
42,1
42,1
42,1
42,1
42,1
42,1
43,1
42,1
42,1
42,1
42,1
42,1
42,1
42,1
42,1
42,1
42,1
42,1
42,1
42,1
43,1
42,1
42,1
42,1
42,1
2,20
9,400
2,5116
2,5116
2,5116
2,291
1,918
16,1
16,1
16,1
16,1
1,1
1,1
1,1
1,1
1,1
1,1
1,1
1,1
1,1
1,1
1,1
1,1
1,1
1,1
1,1
1,1
1,1
1,1
1,1
1,1
1,1
1,1
1,1
1,1
1,1
1,1
1,1
1,1
1,1
1,1
1,1
1,1
1,1
1,1
1,1
1,1
1,1
1,1
1,1
1,1
1,1
1,1
1,1
1,1
1,1
1,1
1,1
1,1
1,1
1,1
1,1
1,1
1,1
1,1
1,1
1,1
1,1
1,1
1,1
1,1
1,1
1,1
1,1
1,1
1,1
1,1
1,1
1,1
1,1
1,1
1,1
1,1
1,1
1,1
1,1
1,1
1,1
1,1
1,1
1,1
1,1
1,1
1,1
1,1
1,1
1,1
1,1
1,1
1,1
1,1
1,1
1,1
1,1
1,1
1,1
1,1
1,1
1,1
1,1
1,1
1,1
1,1
1,1
1,1
1,1
1,1
1,1
1,1
1,1
1,1
1,1
1,1
1,1
1,1
1,1
1,1
1,1
1,1
1,1
1,1
1,1
1,1
1,1
1,1
1,1
1,1
1,1
1,1
1,1
1,1
1,1
1,1
1,1
1,1
1,1
1,1
1,1
1,1
1,1
1,1
1,1
1,1
1,1
1,1
1,1
1,1
1,1
1,1
1,1
1,1
1,1
1,1
1,1
1,1
1,1
1,1
1,1
1,1
1,1
1,1
1,1
1,1
1,1
1,1
1,1
1,1
1,1
1,1
1,1
1,1
1,1
1,1
1,1
1,1
1,1
1,1
1,1
1,1
1,1
1,1
1,1
1,1
1,1
1,1
1,1
1,1
1,1
1,1
1,1
1,1
1,1
1,1
1,1
1,1
1,1
1,1
1,1
1,1
1,1
1,1
1,1
1,1
1,1
1,1
1,1
1,1
1,1
1,1
1,1
1,1
1,1
1,1
1,1
1,1
1,1
1,1
1,1
1,1
1,1
1,1
1,1
1,1
1,1
1,1
1,1
1,1
1,1
1,1
1,1
1,1
1,1
1,1
1,1
1,1
1,1
1,1
1,1
1,1
1,1
1,1
1,1
1,1
1,1
1,1
1,1
1,1
1,1
1,1
1,1
1,1
1,1
1,1
1,1
1,1
1,1
1,1
1,1
1,1
1,1
1,1
1,1
1,1
1,1
1,1
1,1
1,1
1,1
1,1
1,1
1,1
1,1
1,1
1,1
1,1
1,1
1,1
1,1
1,1
1,1
1,1
1,1
1,1
1,1
1,1
1,1
1,1
1,1
1,1
1,1
1,1
1,1
1,1
1,1
1,1
1,1
1,1
1,1
1,1
1,1
1,1
1,1
1,1
1,1
1,1
1,1
1,1
1,1
1,1
1,1
1,1
1,1
1,1
1,1
1,1
1,1
1,1
1,1
1,1
1,1
1,1
1,1
1,1
1,1
1,1
1,1
1,1
1,1
1,1
1,1
1,1
1,1
1,1
1,1
1,1
1,1
1,1
1,1
1,1
1,1
1,1
1,1
1,1
1,1
1,1
1,1
1,1
1,1
1,1
1,1
1,1
1,1
1,1
1,1
1,1
1,1
1,1
1,1
1,1
1,1
1,1
1,1
1,1
4,3528
1,1
1,1
1,1
1,1
1,1
1,1
1,1
1,1
1,1
1,1
1,1
1,1
1,1
1,1
1,1
1,1
1,1
1,1
1,1
1,1
1,1
1,1
1,1
1,1
1,1
1,1
1,1
1,1
1,1
1,1
1,1
1,1
1,1
1,1
1,1
1,1
1,1
1,1
1,1
1,1
1,1
1,1
1,1
1,1
1,1
1,1
1,1
1,1
1,1
1,1
1,1
1,1
1,1
1,1
1,1
1,1
1,1
1,1
1,1
1,1
1,1
1,1
1,1
1,1
1,1
1,1
1,1
1,1
1,1
1,1
1,1
1,1
1,1
1,1
1,1
1,1
1,1
1,1
1,1
1,1
1,1
1,1
1,1
1,1
1,1
1,1
1,1
1,1
1,1
1,1
1,1
1,1
1,1
1,1
1,1
1,1
1,1
1,1
1,1
1,1
1,1
1,1
1,1
1,1
1,1
1,1
1,1
1,1
1,1
1,1
1,1
1,1
1,1
1,1
1,1
1,1
1,1
1,1
1,1
1,1
1,1
1,1
1,1
1,1
1,1
1,1
1,1
1,1
1,1
1,1
1,1
1,1
1,1
1,1
1,1
1,1
1,1
1,1
1,1
1,1
1,1
1,1
1,1
1,1
1,1
1,1
1,1
1,1
1,1
1,1
1,1
1,1
1,1
1,1
1,1
1,1
1,1
1,1
1,1
1,1
1,1
1,1
1,1
1,1
1,1
1,1
1,1
1,1
1,1
1,1
1,1
1,1
1,1
1,1
1,1
1,1
1,1
1,1
1,1
1,1
1,1
1,1
1,1
1,1
1,1
1,1
1,1
1,1
1,1
1,1
1,1
1,1
1,1
1,1
1,1
1,1
1,1
1,1
1,1
1,1
1,1
1,1
1,1
1,1
1,1
1,1
1,1
1,1
1,1
1,1
1,1
1,1
1,1
1,1
1,1
1,1
1,1
1,1
1,1
1,1
1,1
1,1
1,1
1,1
1,1
1,1
1,1
1,1
1,1
1,1
1,1
1,1
1,1
1,1
1,1
1,1
1,1
1,1
1,1
1,1
1,1
1,1
1,1
1,1
1,1
1,1
1,1
1,1
1,1
1,1
1,1
1,1
1,1
1,1
1,1
1,1
4,4.50K
13,100
24,1
24,1
24,1
24,1
24,1
24,1
24,1
24,1
24,1
24,1
24,1
24,1
24,1
24,1
24,1
24,1
24,1
24,1
24,1
24,1
24,1
24,1
24,1
24,1
24,1
24,1
24,1
24,1
24,1
24,1
24,1
24,1
24,1
24,1
24,1
24,1
24,1
24,1
24,1
24,1
24,1
24,1
24,1
24,1
24,1
24,1
24,1
24,1
24,1
24,1
24,1
24,1
24,1
24,1
24,1
24,1
24,1
24,1
24,1
24,1
24,1
24,1
24,1
24,1
24,1
24,1
24,1
24,1
24,1
24,1
24,1
24,1
24,1
24,1
24,1
24,1
24,1
24,1
24,1
24,1
24,1
24,1
24,1
24,1
24,1
24,1
24,1
24,1
24,1
24,1
24,1
24,1
24,1
24,1
24,1
24,1
24,1
24,1
24,1
24,1
24,1
24,1
24,1
24,1
24,1
24,1
24,1
24,1
24,1
24,1
24,1
24,1
24,1
24,1
24,1
24,1
24,1
24,1
24,1
24,1
24,1
24,1
24,1
24,1
24,1
24,1
24,1
24,1
24,1
24,1
24,1
24,1
24,1
24,1
24,1
24,1
24,1
24,1
24,1
24,1
24,1
24,1
24,1
24,1
24,1
24,1
24,1
24,1
24,1
24,1
24,1
24,1
24,1
24,1
24,1
24,1
24,1
24,1
24,1
24,1
24,1
85,4800
42,1
42,1
42,1
42,1
42,1
42,1
42,1
42,1
42,1
42,1
42,1
42,1
42,1
42,1
42,1
43,1
42,1
43,1
42,1
42,1
42,1
42,1
43,1
42,1
42,1
42,1
42,1
42,1
42,1
42,1
42,1
42,1
42,1
42,1
42,1
42,1
42,1
42,1
42,1
42,1
42,1
42,1
42,1
42,1
42,1
42,1
42,1
44,1
44,1
44,1
44,1
44,1
44,1
44,1
44,1
44,1
44,1
44,1
44,1
44,1
44,1
44,1
44,1
44,1
44,1
44,1
43,1
44,1
44,1
44,1
44,1
44,1
44,1
44,1
44,1
44,1
44,1
44,1
44,1
44,1
44,1
17,64
44,1
44,1
44,1
44,1
44,1
44,1
44,1
44,1
44,1
44,1
44,1
44,1
44,1
44,1
44,1
44,1
44,1
44,1
44,1
44,1
2,1
44,1
44,1
44,1
44,1
44,1
44,1
44,1
44,1
44,1
44,1
44,1
44,1
44,1
44,1
44,1
44,1
42,1
42,1
42,1
2,804
1,79
44,1
1,718
43,1
43,1
43,1
43,1
43,1
43,1
43,1
43,1
43,1
43,1
43,1
43,1
43,1
43,1
43,1
43,1
43,1
43,1
43,1
43,1
43,1
43,1
43,1
43,1
43,1
43,1
42,1
43,1
43,1
43,1
43,1
43,1
43,1
43,1
43,1
43,1
43,1
43,1
43,1
43,1
43,1
43,1
43,1
43,1
43,1
43,1
43,1
43,1
43,1
43,1
43,1
43,1
43,1
43,1
43,1
43,1
43,1
43,1
43,1
43,1
43,1
43,1
43,1
43,1
43,1
43,1
43,1
43,1
43,1
43,1
43,1
43,1
43,1
43,1
43,1
43,1
43,1
44,1
43,1
43,1
43,1
43,1
44,1
43,1
43,1
43,1
43,1
43,1
42,1
43,1
43,1
42,1
43,1
42,1
42,1
43,1
43,1
43,1
43,1
43,1
43,1
43,1
42,1
42,1
43,1
42,1
43,1
42,1
42,1
42,1
42,1
43,1
42,1
42,1
43,1
43,1
42,1
42,1
42,1
42,1
42,1
42,1
43,1
43,1
43,1
42,1
42,1
43,1
42,1
43,1
42,1
42,1
43,1
42,1
42,1
42,1
43,1
42,1
43,1
42,1
43,1
42,1
43,1
43,1
42,1
43,1
42,1
42,1
42,1
43,1
42,1
42,1
42,1
42,1
42,1
42,1
42,1
42,1
42,1
42,1
42,1
42,1
43,1
42,1
42,1
43,1
42,1
42,1
43,1
43,1
43,1
43,1
42,1
43,1
43,1
42,1
42,1
42,1
43,1
42,1
42,1
42,1
42,1
43,1
43,1
43,1
42,1
43,1
42,1
42,1
43,1
43,1
43,1
43,1
42,1
42,1
42,1
42,1
43,1
43,1
42,1
42,1
42,1
42,1
43,1
43,1
43,1
43,1
43,1
43,1
42,1
43,1
42,1
43,1
42,1
42,1
43,1
42,1
42,1
42,1
42,1
43,1
42,1
43,1
43,1
42,1
43,1
42,1
43,1
42,1
42,1
42,1
42,1
42,1
42,1
43,1
42,1
42,1
42,1
42,1
43,1
43,1
43,1
42,1
43,1
42,1
42,1
43,1
43,1
43,1
42,1
42,1
42,1
42,1
42,1
43,1
43,1
43,1
43,1
43,1
43,1
43,1
43,1
43,1
42,1
43,1
43,1
42,1
42,1
43,1
43,1
42,1
43,1
42,1
42,1
42,1
43,1
43,1
43,1
42,1
43,1
42,1
43,1
43,1
43,1
42,1
42,1
42,1
42,1
43,1
43,1
42,1
43,1
42,1
43,1
43,1
42,1
43,1
42,1
43,1
43,1
43,1
43,1
43,1
43,1
42,1
43,1
43,1
43,1
42,1
43,1
42,1
43,1
43,1
43,1
43,1
43,1
43,1
42,1
43,1
42,1
42,1
43,1
43,1
43,1
43,1
43,1
43,1
43,1
43,1
43,1
43,1
43,1
43,1
42,1
42,1
42,1
43,1
43,1
43,1
43,1
42,1
42,1
43,1
43,1
43,1
42,1
42,1
42,1
42,1
2,870
4,955
2,738
2,712
3,791
3,888
1,243
2,899
4,889
3,741
3,714
4,846
3,890
1,246
2,899
3,889
2,741
1,712
2,869
44,1
2,5000
2,100
2,36
5,1
6,1
6,1
6,1
6,1
6,1
6,1
6,1
6,1
6,1
6,1
6,1
6,1
6,1
6,1
6,1
6,1
6,1
6,1
6,1
6,1
6,1
6,1
6,1
6,1
6,1
6,1
6,1
6,1
5,1
6,1
6,1
6,1
10,1
6,1
13,1
13,1
13,1
13,1
13,1
13,1
12,1
13,1
13,1
13,1
13,1
13,1
12,1
13,1
13,1
13,1
13,1
13,1
13,1
13,1
13,1
13,1
13,1
13,1
13,1
13,1
13,1
13,1
13,1
13,1
13,1
13,1
13,1
13,1
13,1
13,1
19,1
19,1
20,1
19,1
19,1
19,1
19,1
20,1
20,1
19,1
19,1
19,1
19,1
19,1
19,1
20,1
19,1
19,1
19,1
19,1
19,1
19,1
19,1
19,1
19,1
19,1
19,1
19,1
19,1
19,1
19,1
19,1
19,1
19,1
20,1
19,1
19,1
19,1
19,1
20,1
1,76
1,75
1,948
1,720
17,200
165,199
289,10
27,4800
290,200
392,1
386,1
390,1
391,1
388,1
392,1
390,1
393,1
392,1
386,1
382,1
389,1
387,1
392,1
387,1
384,1
393,1
388,1
386,1
385,1
384,1
387,1
386,1
387,1
386,1
387,1
386,1
393,1
386,1
393,1
390,1
386,1
391,1
391,1
386,1
389,1
15,250
2,400
11,72
11,72
17,1
17,1
17,1
17,1
17,1
17,1
15,1
17,1
11,1
2,82
2,86
2,70
2,92
2,96
2,97
2,88
2,88
2,93
2,101
2,95
2,94
2,76
2,91
2,82
2,99
2,94
2,91
2,110
2,104
2,104
2,101
2,106
2,99
2,105
2,56
2,79
2,67
2,82
2,102
2,77
1,82
1,99
1,94
1,91
1,110
1,104
1,101
1,106
1,99
1,105
1,56
1,79
1,67
1,82
3,848
8,200
15,200
13,200
18,200
8,200
12,199
13,198
1,92
1,91
1,98
1,101
1,4
1,105
1,90
1,90
1,102
1,98
1,89
1,71
1,74
7,1237
13,96
2,436
5,16
13,39
1,432
2,105
2,119
2,113
2,107
2,115
2,1278
1,456
1,98
1,113
1,113
1,105
1,98
1,99
1,113
1,103
2,114
1,97
1,101
1,101
2,105
1,98
1,63
1,69
2,500
2,500
2,500
2,500
2,500
2,387
2,500
2,205
4,71
1,56
6,108
6,98
2,102
6,86
2,91
2,88
2,95
7,102
1,7
2,104
2,92
5,92
7,107
2,104
1,212
2,222
1,434
6,855
1,1
1,1
1,1
1,1
1,1
1,1
1,1
1,1
1,1
1,1
1,1
1,1
1,1
1,1
1,1
1,1
1,1
1,1
1,1
1,1
1,1
1,1
1,1
1,1
1,1
1,1
1,1
1,1
1,1
1,1
1,1
1,1
1,1
1,1
1,1
1,1
1,1
1,1
1,1
1,1
1,1
1,1
1,1
1,1
1,1
1,1
1,1
1,1
1,1
1,1
1,1
1,1
1,1
1,1
1,1
1,1
1,1
1,1
1,1
1,1
1,1
1,1
1,1
1,1
1,1
1,1
1,1
1,1
1,1
1,1
1,1
1,1
1,1
1,1
1,1
1,1
1,1
1,1
1,1
1,1
1,1
1,1
1,1
1,1
1,1
1,1
1,1
1,1
1,1
1,1
1,1
1,1
1,1
1,1
1,1
1,1
1,1
1,1
1,1
1,1
1,1
1,1
1,1
1,1
1,1
1,1
1,1
1,1
1,1
1,1
1,1
1,1
1,1
1,1
1,1
1,1
1,1
1,1
1,1
1,1
1,1
1,1
1,1
1,1
1,1
1,1
1,1
1,1
1,1
1,1
1,1
1,1
1,1
1,1
1,1
1,1
1,1
1,1
1,1
1,1
1,1
1,1
1,1
1,1
1,1
1,1
1,1
1,1
1,1
1,1
1,1
1,1
1,1
1,1
1,1
1,1
1,1
1,1
1,1
1,1
1,1
1,1
1,1
13,3136
10,64
10,64
10,64
10,64
23,200
13,198
23,197
1,168
1,124
2,72
2,76
2,85
2,110
1,4800
2,110
2,110
2,108
6,97
2,99
2,116
2,99
2,116
2,93
2,101
2,94
1,98
7,103
2,100
2,64
5,70
1,61
8,109
6,95
2,102
5,82
2,88
2,87
2,95
7,100
2,97
2,88
6,87
8,103
2,104
2,93
2,76
6,78
2,94
2,100
2,101
2,92
2,95
2,102
6,105
6,92
2,91
2,95
2,105
2,104
2,103
2,108
7,101
2,105
2,109
1,105
6,99
2,107
1,95
4,5880
2,5779
2,98
1,1
1,1
1,1
1,1
1,1
1,1
1,1
1,1
1,1
1,1
1,1
1,1
1,1
1,1
1,1
1,1
1,1
1,1
1,1
1,1
1,1
1,1
1,1
1,1
1,1
1,1
1,1
1,1
1,1
1,1
1,143
1,178
1,219
19,67
12,66
13,65
1,217
2,1211
1,1
1,1
1,1
1,1
1,1
1,1
1,1
1,1
1,1
1,1
3,5690
3,5692
1,1
1,1
1,1
1,1
1,1
1,1
1,1
1,1
1,1
1,1
1,1
1,1
1,1
1,1
1,1
1,1
1,1
1,628
2,106
2,106
2,106
2,108
1,1
1,1
1,1
1,1
1,1
1,1
1,1
1,1
1,1
1,1
1,1
1,1
1,1
1,1
1,1
1,1
1,1
1,1
1,1
1,1
1,1
1,1
1,1
1,1
1,1
1,1
1,1
1,1
1,1
1,1
1,1
1,1
1,1
1,1
1,1
1,1
1,1
1,1
1,1
1,1
1,1
1,1
1,1
1,1
1,1
1,1
1,1
1,1
1,1
1,1
1,1
1,1
1,1
1,1
1,1
1,1
1,1
1,1
1,1
1,1
1,1
1,1
1,1
1,1
1,1
1,1
1,1
1,1
1,1
1,1
1,1
1,1
1,1
1,1
1,1
1,1
1,1
1,1
1,1
1,1
1,1
1,1
1,1
1,1
1,1
1,1
1,1
1,1
1,1
1,1
1,1
1,1
1,1
1,1
1,1
1,1
1,1
1,1
1,1
1,1
1,1
1,1
1,1
1,1
1,1
1,1
1,1
1,1
1,1
1,1
1,1
1,1
1,1
1,1
1,1
1,1
1,1
1,1
1,1
1,1
1,1
1,1
1,1
1,1
1,1
1,1
1,1
1,1
1,1
1,1
1,1
1,1
1,1
1,1
1,1
1,1
1,1
1,1
1,1
1,1
1,1
1,1
1,1
1,1
1,1
1,1
2,1
2,1
1,1
1,1
1,1
2,1
2,1
1,1
1,1
1,1
1,1
1,1
1,1
1,1
1,1
1,1
1,1
1,1
1,1
1,1
1,1
1,1
1,1
1,1
1,1
1,1
1,1
1,1
1,1
1,1
1,1
1,1
1,1
1,1
1,1
1,1
1,1
1,1
1,1
1,1
1,1
1,1
1,1
1,1
1,1
1,1
1,1
1,1
1,1
1,1
1,1
1,1
1,1
1,1
1,1
1,1
1,1
1,1
1,1
1,1
1,1
1,1
1,1
1,1
1,1
1,1
1,1
1,1
1,1
1,1
1,1
1,1
1,1
1,1
1,1
1,1
1,1
1,1
1,1
1,1
1,1
1,1
1,1
1,1
1,1
1,1
1,1
1,1
1,1
1,1
1,1
1,1
1,1
1,1
1,1
1,1
1,1
1,1
1,1
1,1
1,1
1,1
1,1
1,1
1,1
1,1
1,1
1,1
1,1
1,1
1,1
1,1
1,1
1,1
1,1
1,1
1,1
1,1
1,1
1,1
1,1
1,1
1,1
1,1
1,1
1,1
1,1
1,1
1,1
1,1
1,1
1,1
1,1
1,1
1,1
1,1
1,1
1,1
1,1
1,1
1,1
1,1
1,1
2,104
2,99
2,90
2,97
2,99
2,103
2,101
2,106
1,97
1,106
1,112
1,100
1,110
1,109
1,104
1,95
1,90
1,114
2,98
1,115
1,581
1,104
3,208
1,105
1,111
1,111
1,104
1,90
1,90
2,88
2,101
1,101
2,107
2,98
1,92
1,92
2,105
1,105
2,91
2,92
2,105
2,105
2,98
2,98
2,104
2,104
2,90
2,97
2,98
2,98
2,104
2,101
2,101
2,107
1,98
1,88
1,101
2,101
1,107
3,4
1,79
1,70
1,80
1,99
1,104
1,112
1,99
1,106
1,114
1,109
1,94
1,98
1,114
1,101
1,109
1,98
1,100
1,95
1,98
1,104
1,98
1,75
1,77
1,70
1,107
1,100
1,104
1,86
1,86
1,86
1,101
1,98
1,107
1,98
1,92
1,91
1,105
1,103
1,91
1,76
1,81
1,92
1,104
1,105
1,98
1,97
1,104
1,103
1,90
1,95
1,95
1,104
1,102
1,99
1,107
1,102
1,103
1,107
1,106
1,95
1,64
1,112
1,106
1,114
1,109
1,80
1,99
1,104
1,112
1,106
1,114
1,109
1,94
30,200
137,200
245,199
147,197
44,198
29,197
1,4
21,4
24,4
1,1
1,1
1,1
1,1
1,1
1,1
1,1
1,1
1,1
1,1
1,1
1,1
1,1
1,1
1,1
1,1
1,1
1,1
1,1
1,1
1,1
1,1
1,1
1,1
1,1
1,1
1,1
1,1
1,1
1,1
1,1
1,1
1,1
1,1
1,1
1,1
1,1
1,1
1,1
1,1
1,1
1,1
1,1
1,1
1,1
1,1
1,1
1,1
1,1
1,1
1,1
1,1
1,1
1,1
1,1
1,1
1,1
1,1
1,1
1,1
1,1
1,1
1,1
1,1
1,1
1,1
1,1
1,1
1,1
1,1
1,1
1,1
1,1
1,1
1,1
1,1
1,1
1,1
1,1
1,1
1,1
1,1
1,1
1,1
1,1
1,1
1,1
1,1
1,1
1,1
1,1
1,1
1,1
1,1
1,1
1,1
1,1
1,1
1,1
1,1
1,1
1,1
1,1
1,1
1,1
1,1
1,1
1,1
1,1
1,1
1,1
1,1
1,1
1,1
1,1
1,1
1,1
1,1
1,1
1,1
1,1
1,1
1,1
1,1
1,1
1,1
1,1
1,1
1,1
1,1
1,1
1,1
1,1
1,1
1,1
1,1
1,1
1,1
1,1
1,1
1,1
1,1
1,1
1,1
1,1
1,1
1,1
1,1
1,1
1,1
1,1
1,1
1,1
1,1
1,1
1,1
1,1
1,1
1,1
1,1
1,1
1,1
1,1
1,1
1,1
1,1
1,1
1,1
1,1
1,1
1,1
1,1
1,1
1,1
1,1
1,1
1,1
1,1
1,1
1,1
1,1
1,1
1,1
1,1
1,1
1,1
1,1
1,1
1,1
1,1
1,1
1,1
1,1
1,1
1,1
1,1
1,1
1,1
1,1
1,1
1,1
1,1
1,1
1,1
1,1
1,1
1,1
1,1
1,1
1,1
1,1
1,1
1,1
1,1
1,1
1,1
1,1
1,1
1,1
1,1
1,1
1,1
1,1
1,1
1,1
1,1
1,1
1,1
1,1
1,1
1,1
1,1
1,1
1,1
1,1
1,1
1,1
1,1
1,1
1,1
1,1
1,1
1,1
1,1
1,1
1,1
1,1
1,1
1,1
1,1
1,1
1,1
1,1
1,1
1,1
1,1
1,1
1,1
1,1
1,1
1,1
1,1
1,1
1,1
1,1
1,1
1,1
1,1
1,1
1,1
1,1
1,1
1,1
1,1
1,1
1,1
1,1
1,1
1,1
1,1
1,1
1,1
1,1
1,1
1,1
1,1
1,1
1,1
1,1
1,1
1,1
1,1
1,1
1,1
1,1
1,1
1,1
1,1
1,1
1,1
1,1
1,1
1,1
1,1
1,1
1,1
1,1
1,1
1,1
1,1
1,1
1,1
1,1
1,1
1,1
1,1
1,1
1,1
1,1
1,1
1,1
1,1
1,1
1,1
1,1
1,1
1,1
1,1
1,1
1,1
1,1
1,1
1,1
1,1
1,1
1,1
1,1
1,1
1,1
1,1
1,1
1,1
1,1
1,1
1,1
1,1
1,1
1,1
1,1
1,1
1,1
1,1
1,1
1,1
1,1
1,1
1,1
1,1
1,1
1,1
1,1
1,1
1,1
1,1
1,1
1,1
1,1
1,1
1,1
1,1
1,1
1,1
1,1
1,1
1,1
1,1
1,1
1,1
1,1
1,1
1,1
1,1
1,1
1,1
1,1
1,1
1,1
1,1
1,1
1,1
1,1
1,1
1,1
1,1
1,1
1,1
1,1
1,1
1,1
1,1
1,1
1,1
1,1
1,1
1,1
1,1
1,1
1,1
1,1
1,1
1,1
37,3844
1,112
1,101
1,109
1,103
1,104
4,1219
10,64
10,64
2,104
2,102
2,98
2,95
3,1238
13,96
13,96
13,96
6,200
3,198
41,196
28,195
1,75
1,72
1,109
1,112
1,101
1,100
1,98
1,104
1,99
1,205
13,96
11,5475
69,1521
10,200
145,196
18,184
2,250
1,614
1,540
10,64
1,1
1,1
1,1
1,1
1,1
1,1
1,1
1,1
1,1
1,1
1,1
1,1
1,1
1,1
1,1
1,1
1,1
1,1
1,1
1,1
1,1
1,1
1,1
1,1
1,1
1,1
1,1
1,1
1,1
1,1
1,1
1,1
1,1
1,1
1,1
1,1
1,1
1,1
1,1
1,1
1,1
1,1
1,1
1,1
1,1
1,1
1,1
1,1
1,1
1,1
1,1
1,1
1,1
1,1
1,1
1,1
1,1
1,1
1,1
1,1
1,1
1,1
1,1
1,1
1,1
1,1
1,1
1,1
1,1
1,1
1,1
1,1
1,1
1,1
1,1
1,1
1,1
1,1
1,1
1,1
1,1
1,1
1,1
1,1
1,1
1,1
1,1
1,1
1,1
1,1
1,1
1,1
1,1
1,1
1,1
1,1
1,1
1,1
1,1
1,1
1,1
1,1
1,1
1,1
1,1
1,1
1,1
1,1
1,1
1,1
1,1
1,1
1,1
1,1
1,1
1,1
1,1
1,1
1,1
1,1
1,1
1,1
1,1
1,1
1,1
1,1
1,1
1,1
1,1
1,1
1,1
1,1
1,1
1,1
1,1
1,1
1,1
1,1
1,1
1,1
1,1
1,1
1,1
1,1
1,1
1,1
1,1
1,1
1,1
1,1
1,1
1,1
1,1
1,1
1,1
1,1
1,1
1,1
1,1
1,1
1,1
1,1
1,1
1,1
1,1
1,1
1,1
1,1
1,1
1,1
1,1
1,1
1,1
1,1
1,1
1,1
1,1
1,1
1,1
1,1
136,200
1,1
1,1
1,1
1,1
1,1
1,1
1,1
1,1
1,1
1,1
1,1
1,1
1,1
1,1
1,1
1,1
1,1
1,1
1,1
1,1
1,1
1,1
1,1
1,1
1,1
1,1
1,1
1,1
1,1
1,1
1,1
1,1
1,1
1,1
1,1
1,1
1,1
1,1
1,1
1,1
1,1
1,1
1,1
1,1
1,1
1,1
1,1
1,1
1,1
1,1
1,1
1,1
1,1
1,1
1,1
1,1
1,1
1,1
1,1
1,1
1,1
1,1
1,1
1,1
1,1
1,1
1,1
1,1
1,1
1,1
1,1
1,1
1,1
1,1
1,1
1,1
1,1
1,1
1,1
1,1
1,1
1,1
1,1
1,1
1,1
1,1
1,1
1,1
1,1
1,1
1,1
1,1
1,1
1,1
1,1
1,1
1,1
1,1
1,1
1,1
1,1
1,1
1,1
1,1
1,1
1,1
1,1
1,1
1,1
1,1
1,1
1,1
1,1
1,1
1,1
1,1
1,1
1,1
1,1
1,1
1,1
1,1
1,1
1,1
1,1
1,1
1,1
1,1
1,1
1,1
1,1
1,1
1,1
1,1
1,1
1,1
1,1
1,1
1,1
1,1
1,1
1,1
1,1
13,9
9,3
1,613
1,1175
2,461
1,108
1,97
1,88
1,112
1,104
1,107
1,106
1,118
5,103
1,114
1,98
1,101
1,105
1,108
1,109
1,100
1,68
1,74
1,106
1,108
1,101
9,200
16,198
21,197
100,196
1,109
1,102
1,94
1,95
1,101
1,101
1,96
1,71
1,103
1,110
1,94
2,92
2,95
2,93
1,86
2,98
2,109
2,102
2,94
2,95
2,101
2,101
2,96
1,71
1,84
1,84
2,104
2,101
2,93
2,93
2,99
2,110
1,82
2,99
2,93
2,93
2,99
2,104
2,103
2,100
2,102
5,105
2,108
2,97
2,97
2,99
174,1
173,1
154,312
12,200
10,199
2,111
2,115
2,107
2,101
2,107
2,110
2,93
2,103
2,111
3,1269
8,200
3,198
128,196
10,195
12,1
12,1
13,1
13,1
12,1
2,400
2,194
2,400
2,91
1,96
1,104
1,96
1,83
1,101
1,97
1,102
1,92
1,91
1,48
1,111
1,114
1,106
2,99
1,106
1,107
1,110
1,109
1,114
1,102
1,43
1,38
1,48
1,102
2,97
2,91
1,65
2,81
2,85
1,85
2,94
2,107
2,101
2,103
2,96
2,97
7,94
1,81
1,2369
1,1
1,1
1,1
1,1
1,1
1,1
1,1
1,1
1,1
1,1
1,1
1,1
1,1
1,1
1,1
1,1
1,1
1,1
1,1
1,1
1,1
1,1
1,1
1,1
1,1
1,1
1,1
1,1
1,1
1,1
1,1
1,1
1,1
1,1
1,1
1,1
1,1
1,1
1,1
1,1
1,1
1,1
1,1
1,1
1,1
1,1
1,1
1,1
1,1
1,1
1,1
1,1
1,1
1,1
1,1
1,1
1,1
1,1
1,1
1,1
1,1
1,1
1,1
1,1
1,1
1,1
1,1
1,1
1,1
1,1
1,1
1,1
1,1
1,1
1,1
1,1
1,1
1,1
1,1
1,1
1,1
1,1
1,1
2,1
1,1
1,1
1,1
1,1
1,1
1,1
1,1
1,1
1,1
1,1
1,1
1,1
1,1
1,1
1,1
1,1
1,1
1,1
1,1
1,1
1,1
1,1
1,1
1,1
1,1
1,1
1,1
1,1
1,1
1,1
1,1
1,1
1,1
1,1
1,1
1,1
1,1
1,1
1,1
1,1
1,1
1,1
1,1
1,1
1,1
1,1
1,1
1,1
1,1
1,1
1,1
1,1
1,1
1,1
1,1
1,1
1,1
1,1
1,1
1,1
1,1
1,1
1,1
1,1
1,1
1,1
1,1
1,1
1,1
1,1
1,1
1,1
1,1
1,1
1,1
1,1
1,1
1,1
1,1
1,1
1,1
1,1
1,1
1,1
1,1
1,1
1,1
1,1
1,1
1,1
1,1
1,1
1,1
1,1
1,1
1,1
1,1
1,1
1,1
1,1
1,1
1,1
1,1
1,1
1,1
1,1
1,1
1,1
1,1
1,1
1,1
1,1
1,1
1,1
1,1
1,1
1,1
1,1
1,1
1,1
1,1
1,1
1,1
1,1
1,1
1,1
1,1
1,1
1,1
1,1
1,1
1,1
1,1
1,1
1,1
1,1
1,1
1,1
1,1
1,1
1,1
1,1
1,1
1,1
1,1
1,1
1,1
1,1
1,1
1,1
1,1
1,1
1,1
1,1
1,1
1,1
1,1
1,1
1,1
1,1
1,1
1,1
1,1
1,1
1,1
1,1
1,1
1,1
1,1
1,1
1,1
1,1
1,1
1,1
1,1
1,1
1,1
1,1
1,1
1,1
1,1
1,1
1,1
1,1
1,1
1,1
1,1
1,1
1,1
1,1
1,1
1,1
1,1
1,1
1,1
1,1
1,1
1,1
1,1
1,1
1,1
1,1
1,1
1,1
1,1
1,1
1,1
1,1
1,1
1,1
1,1
1,1
1,1
1,1
1,1
1,1
1,1
1,1
1,1
1,1
1,1
1,1
1,1
1,1
1,1
1,1
1,1
1,1
1,1
1,1
1,1
1,1
1,1
1,1
1,1
1,1
1,1
1,1
1,1
1,1
1,1
1,1
1,1
1,1
1,1
1,1
1,1
1,1
1,1
1,1
1,1
1,1
1,1
1,1
1,1
1,1
1,1
1,1
1,1
1,1
1,1
1,1
1,1
1,1
1,1
1,1
1,1
1,1
1,1
1,1
1,1
1,1
1,1
1,1
1,1
1,1
1,1
1,1
1,1
1,1
1,1
1,1
1,1
1,1
1,1
1,1
1,1
1,1
1,1
1,1
1,1
1,1
1,1
1,1
1,1
1,1
1,1
1,1
1,1
1,1
1,1
1,1
1,1
1,1
1,1
1,1
1,1
1,1
1,1
1,1
1,1
1,1
1,1
1,1
1,1
1,1
1,1
1,1
1,1
1,1
1,1
1,1
1,1
1,1
1,1
1,1
1,1
1,1
1,1
1,1
1,1
1,1
1,1
1,1
1,1
1,1
1,1
1,1
1,1
1,1
1,1
1,1
1,1
1,1
1,1
1,1
1,1
1,1
1,1
1,1
1,1
1,1
1,1
1,1
1,1
1,1
1,1
1,1
1,1
1,1
1,1
1,1
1,1
1,1
1,1
1,1
1,1
1,1
1,1
1,1
1,1
1,1
1,1
1,97
1,92
1,111
1,106
1,85
1,96
1,93
1,94
1,101
9,200
1,199
1,1
1,1
1,1
1,1
1,1
1,1
1,1
1,1
1,1
1,1
1,1
1,1
1,1
1,1
1,1
1,1
1,1
1,1
1,1
1,1
1,1
1,1
1,1
1,1
1,1
1,1
1,1
1,1
1,1
1,1
1,1
1,1
1,1
1,1
1,1
1,1
1,1
1,1
1,1
1,1
1,1
1,1
1,1
1,1
1,1
1,1
1,1
1,1
1,1
1,1
1,1
1,1
1,1
1,1
1,1
1,1
1,1
1,1
1,1
1,1
1,1
1,1
1,1
1,1
1,1
1,1
1,1
1,1
1,1
1,1
1,1
1,1
1,1
1,1
1,1
1,1
1,1
1,1
1,1
1,1
1,1
1,1
1,1
1,1
1,1
1,1
1,1
1,1
1,1
1,1
1,1
1,1
3,1
1,1
1,1
1,1
1,1
1,1
1,1
1,1
1,1
1,1
1,1
1,1
1,1
1,1
1,1
1,1
1,1
1,1
1,1
1,1
1,1
1,1
1,1
1,1
1,1
1,1
1,1
1,1
1,1
1,1
1,1
1,1
1,1
1,1
1,1
1,1
1,1
1,1
1,1
1,1
1,1
1,1
1,1
1,1
1,1
1,1
1,1
1,1
1,1
1,1
1,1
1,1
1,1
1,1
1,1
1,1
1,1
1,1
1,1
1,1
1,1
1,1
1,1
1,1
1,1
1,1
1,1
1,1
1,1
1,1
1,1
1,1
1,1
1,1
1,1
1,1
1,1
1,1
1,1
1,1
1,1
1,1
1,1
1,1
1,1
1,1
1,1
1,1
1,1
1,1
1,1
1,1
1,1
1,1
1,1
1,1
1,1
1,1
1,1
1,1
1,1
1,1
1,1
1,1
1,1
1,1
1,1
1,1
1,1
1,1
1,1
1,1
1,1
1,1
1,1
1,1
1,1
1,1
1,1
1,1
1,1
1,1
1,1
1,1
1,1
1,1
1,1
1,1
1,1
1,1
1,1
1,1
1,1
1,1
1,1
1,1
1,1
1,1
1,1
1,1
1,1
1,1
1,1
1,1
1,1
1,1
1,1
1,1
1,1
1,1
1,1
1,1
1,1
1,1
1,1
1,1
1,1
1,1
1,1
1,1
1,1
1,1
1,1
1,1
1,1
1,1
1,1
1,1
1,1
1,1
1,1
1,1
1,1
1,1
1,1
1,1
1,1
1,1
1,1
1,1
1,1
1,1
1,1
1,1
1,1
1,1
1,1
1,1
1,1
1,1
1,1
1,1
1,1
1,1
1,1
1,1
1,1
1,1
1,1
1,1
1,1
1,1
1,1
2,1
2,1
2,1
2,1
2,1
2,1
2,1
2,1
2,1
2,1
2,1
2,1
2,1
2,1
2,1
2,1
2,1
2,1
2,1
2,1
2,1
3,1
3,1
2,1
2,1
3,1
3,1
2,1
2,1
2,1
3,1
3,1
2,1
2,1
1,1
2,1
2,1
2,1
2,1
2,1
2,1
2,1
2,1
2,1
2,1
2,1
2,1
2,1
2,1
2,1
2,1
2,1
2,1
1,1
1,1
1,1
1,1
1,1
1,1
1,1
1,1
1,1
1,1
1,1
1,1
1,1
1,1
1,1
1,1
1,1
1,1
1,1
1,1
1,1
1,1
1,1
1,1
1,1
1,1
1,1
1,1
1,1
1,1
1,1
1,1
1,1
1,1
1,1
1,1
1,1
1,1
1,1
7,16
5,1
6,512
1,1
1,1K
1,1K
1,1K
6,2
1,1K
1,1K
1,1K
1,1K
2,1
1,1
8,8
11,16
2,1
8,8
19,16
4,1000
3,1
2,1
8,8
7,256
1,2
2,10
4,192
5,1K
14,32
19,16
2,6091
1,101
6,4852
1,2
1,256
1,256
2,256
1,2
1,182
3,1K
10,256
1,2
2,182
10,512
1,2
2,182
1,2
1,2
1,2
1,2
1,2
2,182
1,2
2,182
1,2
10,512
1,2
1,2
1,2
1,2
1,2
1,2
1,2
1,2
1,2
2,2
1,2
1,2
1,2
1,2
2,2
10,512
10,512
2,1
8,8
3,1
2,182
1,2
1,2
3,182
3,1
1,2
2,182
1,2
1,2
2,182
2,2
2,182
1,2
1,2
1,2
1,2
1,2
1,2
1,2
5,1
1,2
1,2
1,2
2,2
1,2
2,2
102,64
1,2
2,182
1,2
1,2
2,182
1,2
2,182
1,2
6,182
1,2
8,2
27,2
2,182
9,2
1,2
1,2
1,2
1,2
4,2
1,2
1,2
6,2
1,2
1,2
1,2
27,16
2,2
1,2
1,2
1,2
1,2
1,1
1,1
29,256
74,64
2,182
1,2
3,182
2,182
2,182
2,182
2,182
2,182
2,182
1,1
1,1
3,36
1,1
1,1
1,36
1,36
2,1
2,1
2,1
2,1
2,182
1,36
2,1
2,1
2,182
2,1
3,36
1,1
1,1
1,1
2,182
2,1
1,1
1,36
2,1
1,1
2,1
2,182
1,1
1,36
1,1
2,1
1,1
2,1
1,36
2,182
2,1
2,1
1,36
2,1
3,182
2,1
2,1
1,36
2,1
2,1
2,182
1,1
1,36
2,1
2,1
2,1
1,36
2,1
2,182
2,1
1,1
3,36
2,1
2,182
2,1
1,1
2,1
1,36
2,182
2,1
2,1
2,1
1,1
1,36
2,182
2,1
2,1
2,1
1,1
1,36
2,182
2,1
1,36
2,1
2,1
2,1
2,182
1,36
2,1
2,1
2,1
2,1
1,36
2,182
2,1
1,36
2,1
2,1
2,182
2,1
1,36
2,1
2,1
2,1
2,182
2,1
1,36
2,1
1,36
1,1
2,182
2,1
2,1
1,36
2,1
2,182
2,1
1,1
1,1
1,36
1,1
2,182
1,36
3,1K
2,1K
3,1K
2,1K
3,1K
2,1K
3,1K
2,1K
15,1K
1,1
7,2
9,6
1,1
6,1
3,1
3,4
2,8
3,20
4,48
6,70
3,1K
3,1K
4,1K
7,2
1,1
3,1
3,1
3,4
3,8
1,1
5,70
4,96
1,1
3,1
3,1
3,8
3,4
7,2
1,1
1,1
3,1
5,96
5,70
3,1
3,8
3,4
1,1
1,1
3,1
3,1
3,4
1,1
5,70
5,96
3,8
2,1
3,1
3,1
3,4
1,1
2,1
12,144
3,8
5,96
2,1
4,70
3,1
3,1
3,4
2,1
3,8
1,1
3,1
3,1
3,4
1,1
3,8
1,1
3,1
3,4
1,1
3,8
2,1
3,1
3,4
211,2
3,8
1,1
1,1
3,1
3,4
3,8
1,1
5,70
6,96
1,1
3,1
1,1
3,4
1,1
5,96
3,1
3,8
4,70
3,4
1,1
1,1
6,8
3,1
6,70
6,1
3,8
3,8
14,1
3,8
3,8
3,8
3,8
3,8
3,8
3,8
3,8
3,8
3,8
3,8
3,8
3,8
3,8
3,8
3,8
3,8
3,8
3,8
3,8
3,48
3,8
3,8
3,8
3,8
3,8
3,8
3,8
3,8
3,8
3,8
3,8
3,8
3,8
3,8
3,8
3,8
3,8
3,8
3,8
3,8
3,8
3,8
3,8
3,8
3,8
3,8
3,8
3,8
3,8
3,8
3,8
3,8
3,8
3,8
3,8
3,8
3,8
3,8
3,8
3,8
3,8
3,8
3,8
3,8
3,8
3,8
3,8
7,2
2,1
3,1
3,1
3,4
3,8
3,20
1,48
2,1
3,1
2,1
3,1
3,4
3,8
1,1
3,1
3,1
1,1
3,4
3,1
1,1
3,1
3,1
1,1
3,1
3,4
1,1
3,1
2,1
3,4
3,1
1,1
1,1
3,4
3,1
1,1
3,1
3,4
1,1
3,1
1,1
3,1
3,4
1,1
1,1
3,1
3,4
1,1
3,1
1,1
3,1
3,4
1,1
3,1
1,1
3,4
1,1
3,1
1,1
3,1
3,4
2,1
3,1
1,1
3,8
3,4
3,1
1,1
1,1
3,1
3,4
1,1
1,1
3,1
1,1
3,4
1,1
3,1
1,1
3,1
3,4
1,1
1,1
3,1
1,1
3,1
3,1
3,1
3,1
3,1
3,1
3,1
3,1
3,1
3,1
3,1
3,1
3,1
3,8
3,1
3,1
7,2
3,1
7,2
3,1
7,2
3,1
3,1
7,2
1,48
3,8
4,48
7,2
3,8
3,48
7,2
3,8
3,48
1,48
3,8
1,48
7,2
1,48
3,8
1,48
3,48
7,2
3,48
7,2
3,20
7,2
3,20
3,20
3,20
3,20
7,2
3,20
3,20
3,20
3,20
3,20
3,20
3,20
3,20
3,20
3,20
3,20
3,20
3,20
3,20
3,20
3,20
3,20
3,20
3,20
3,20
3,20
3,1K
44,64
65,64
72,64
75,64
80,64
70,64
57,64
80,64
67,64
70,64
71,64
64,64
69,64
15,50
16,50
15,50
15,50
61,64
2,1
3,1
7,16
3,1
4,4
1,1
7,16
3,1
3,8
1,64
70,64
12,8
11,8
49,64
117,64
12,64
37,1
2,1
11,1K
3,1
12,72
67,64
4,1
4,1
4,72
20,512
38,512
22,128
35,128
23,128
281,288
297,288
31,2
273,512
1,2
6,2
9,1K
9,1K
2,1K
7,1K
9,1K
9,1K
2,1K
2,1K
13,1K
13,1K
9,1K
9,1K
9,1K
20,1
1,1
7,16
4,1
5,4
10,1
2,4K
7,1
3,1
91,128
27,128
54,128
50,128
50,128
83,128
52,128
54,128
60,128
5,8
30,128
27,128
21,128
62,128
61,128
62,128
56,128
20,2
4,2
